Card Name,Rating - Draftmancer,Rating - AF,Set,Source,Notes
Rapunzel - Gifted with Healing,5,A,1,Frank Karsten,
Tinker Bell - Giant Fairy,5,A,1,Frank Karsten,
Kuzco - Temperamental Emperor,5,A,1,Frank Karsten,
Maui - Hero to All,5,A,1,Frank Karsten,
Grab Your Sword,5,A,1,Frank Karsten,
Genie - On the Job,5,A,1,Frank Karsten,
The Queen - Wicked and Vain,5,A,1,Frank Karsten,
Scar - Mastermind,5,A,1,Frank Karsten,
Hades - Infernal Schemer,5,A,1,Frank Karsten,
Maximus - Palace Horse,5,A,1,Frank Karsten,
Dr. Facilier - Agent Provocateur,5,A,1,Frank Karsten,
John Silver - Alien Pirate,5,A,1,Frank Karsten,
Stitch - Carefree Surfer,5,A,1,Frank Karsten,
Marshmallow - Persistent Guardian,5,A,1,Frank Karsten,
Maleficent - Uninvited,5,A,1,Frank Karsten,
Te Ka - Heartless,5,A,1,Frank Karsten,
Mad Hatter - Gracious Host,5,B+,1,Frank Karsten,
Jasmine - Queen of Agrabah,5,B+,1,Frank Karsten,
Be Prepared,4,B+,1,Frank Karsten,
Maximus - Relentless Pursuer,5,B+,1,Frank Karsten,
Simba - Protective Cub,5,B+,1,Frank Karsten,
Elsa - Spirit of Winter,4,B+,1,Frank Karsten,
Elsa - Snow Queen,5,B+,1,Frank Karsten,
Let It Go,5,B+,1,Frank Karsten,
Flynn Rider - Charming Rogue,5,B+,1,Frank Karsten,
Stitch - Rock Star,5,B+,1,Frank Karsten,
Tinker Bell - Most Helpful,5,B+,1,Frank Karsten,
Hades - Lord of the Underworld,4,B+,1,Frank Karsten,
Dragon Fire,4,B+,1,Frank Karsten,
Hans - Thirteenth in Line,5,B+,1,Frank Karsten,
Aladdin - Heroic Outlaw,5,B+,1,Frank Karsten,
Goofy - Daredevil,5,B+,1,Frank Karsten,
Mufasa - King of the Pride Lands,5,B+,1,Frank Karsten,
Stitch - Abomination,5,B+,1,Frank Karsten,
Friends On The Other Side,5,B+,1,Frank Karsten,
Tigger - Wonderful Thing,5,B+,1,Frank Karsten,
Pongo - Ol' Rascal,4,B,1,Frank Karsten,
Mulan - Imperial Soldier,4,B,1,Frank Karsten,
Goofy - Musketeer,4,B,1,Frank Karsten,
Cerberus - Three-Headed Dog,4,B,1,Frank Karsten,
Robin Hood - Unrivaled Archer,4,B,1,Frank Karsten,
Mother Gothel - Selfish Manipulator,4,B,1,Frank Karsten,
Mickey Mouse - Detective,4,B,1,Frank Karsten,
Chief Tui - Respected Leader,4,B,1,Frank Karsten,
Hercules - True Hero,4,B,1,Frank Karsten,
Maleficent - Sorceress,4,B,1,Frank Karsten,
Mickey Mouse - Brave Little Tailor,4,B,1,Frank Karsten,
Beast - Wolfsbane,4,B,1,Frank Karsten,
Smash,4,B,1,Frank Karsten,
Captain - Colonel's Lieutenant,4,B,1,Frank Karsten,
Kronk - Right-Hand Man,4,B,1,Frank Karsten,
Sven - Official Ice Deliverer,4,B,1,Frank Karsten,
The Wardrobe - Belle's Confidant,4,B,1,Frank Karsten,
Mickey Mouse - Steamboat Pilot,4,B,1,Frank Karsten,
Rafiki - Mysterious Sage,4,B,1,Frank Karsten,
Philoctetes - Trainer of Heroes,4,B,1,Frank Karsten,
Jumba Jookiba - Renegade Scientist,4,B,1,Frank Karsten,
Captain Hook - Forceful Duelist,4,B,1,Frank Karsten,
Tinker Bell - Peter Pan's Ally,4,B,1,Frank Karsten,
Aurora - Briar Rose,4,B,1,Frank Karsten,
One Jump Ahead,3,B-,1,Frank Karsten,
Jasper - Common Crook,4,B-,1,Frank Karsten,
Triton - The Sea King,4,B-,1,Frank Karsten,
Gramma Tala - Storyteller,4,B-,1,Frank Karsten,
Fire The Cannons!,3,B-,1,Frank Karsten,
Maleficent - Monstrous Dragon,4,B-,1,Frank Karsten,
Beast - Hardheaded,4,B-,1,Frank Karsten,
Pascal - Rapunzel's Companion,4,B-,1,Frank Karsten,
Lantern,3,B-,1,Frank Karsten,
Beast's Mirror,4,B-,1,Frank Karsten,
Aurora - Dreaming Guardian,4,B-,1,Frank Karsten,
Hans - Scheming Prince,4,B-,1,Frank Karsten,
Tinker Bell - Tiny Tactician,4,B-,1,Frank Karsten,
Ursula - Power Hungry,3,B-,1,Frank Karsten,
Peter Pan - Never Landing,4,B-,1,Frank Karsten,
Jetsam - Ursula's Spy,4,B-,1,Frank Karsten,
Merlin - Self-Appointed Mentor,4,B-,1,Frank Karsten,
Lefou - Instigator,4,B-,1,Frank Karsten,
Stitch - New Dog,4,B-,1,Frank Karsten,
Belle - Strange but Special,4,B-,1,Frank Karsten,
Archimedes - Highly Educated Owl,4,C+,1,Frank Karsten,
Flounder - Voice of Reason,4,C+,1,Frank Karsten,
Goons - Maleficent's Underlings,4,C+,1,Frank Karsten,
Sergeant Tibbs - Courageous Cat,4,C+,1,Frank Karsten,
Duke of Weselton - Opportunistic Official,4,C+,1,Frank Karsten,
Prince Eric - Dashing and Brave,4,C+,1,Frank Karsten,
Donald Duck - Musketeer,4,C+,1,Frank Karsten,
Heihei - Boat Snack,4,C+,1,Frank Karsten,
You Have Forgotten Me,4,C+,1,Frank Karsten,
Elsa - Queen Regent,4,C+,1,Frank Karsten,
Genie - The Ever Impressive,4,C+,1,Frank Karsten,
Donald Duck - Boisterous Fowl,4,C+,1,Frank Karsten,
Minnie Mouse - Beloved Princess,4,C+,1,Frank Karsten,
Jasmine - Disguised,4,C+,1,Frank Karsten,
Mickey Mouse - True Friend,4,C+,1,Frank Karsten,
Kristoff - Official Ice Master,4,C+,1,Frank Karsten,
Jafar - Wicked Sorcerer,4,C+,1,Frank Karsten,
Be Our Guest,4,C+,1,Frank Karsten,
Cruella de Vil - Miserable as Usual,4,C+,1,Frank Karsten,
Simba - Rightful Heir,3,C+,1,Frank Karsten,
Jafar - Keeper of Secrets,4,C+,1,Frank Karsten,
Mickey Mouse - Musketeer,4,C+,1,Frank Karsten,
Cheshire Cat - Not All There,4,C+,1,Frank Karsten,
Zeus - God of Lightning,3,C+,1,Frank Karsten,
Aurora - Regal Princess,3,C,1,Frank Karsten,
Te Ka - The Burning One,2,C,1,Frank Karsten,
Mickey Mouse - Wayward Sorcerer,3,C,1,Frank Karsten,
Mother Knows Best,2,C,1,Frank Karsten,
Magic Mirror,2,C,1,Frank Karsten,
Cinderella - Gentle and Kind,3,C,1,Frank Karsten,
Maleficent - Sinister Visitor,3,C,1,Frank Karsten,
Gaston - Arrogant Hunter,3,C,1,Frank Karsten,
Captain Hook - Captain of the Jolly Roger,2,C,1,Frank Karsten,
Simba - Future King,3,C,1,Frank Karsten,
Yzma - Alchemist,3,C,1,Frank Karsten,
Simba - Returned King,3,C,1,Frank Karsten,
Megara - Pulling the Strings,3,C,1,Frank Karsten,
Maurice - World-Famous Inventor,3,C,1,Frank Karsten,
Maui - Demigod,3,C,1,Frank Karsten,
Ariel - Spectacular Singer,3,C,1,Frank Karsten,
Rapunzel - Letting Down Her Hair,2,C,1,Frank Karsten,
Scepter of Arendelle,3,C,1,Frank Karsten,
Develop Your Brain,3,C,1,Frank Karsten,
Horace - No-Good Scoundrel,3,C,1,Frank Karsten,
Peter Pan - Fearless Fighter,2,C,1,Frank Karsten,
Prince Phillip - Dragonslayer,2,C,1,Frank Karsten,
Pumbaa - Friendly Warthog,3,C,1,Frank Karsten,
Mr. Smee - Loyal First Mate,3,C,1,Frank Karsten,
Scar - Fiery Usurper,3,C,1,Frank Karsten,
Dr. Facilier - Remarkable Gentleman,3,C,1,Frank Karsten,
Starkey - Hook's Henchman,3,C,1,Frank Karsten,
Mickey Mouse - Artful Rogue,2,C,1,Frank Karsten,
Flotsam - Ursula's Spy,2,C,1,Frank Karsten,
Ariel - On Human Legs,3,C,1,Frank Karsten,
Lilo - Making a Wish,2,C,1,Frank Karsten,
Maleficent - Biding Her Time,2,C,1,Frank Karsten,
Captain Hook - Thinking a Happy Thought,1,C-,1,Frank Karsten,
Moana - Of Motunui,3,C-,1,Frank Karsten,
Genie - Powers Unleashed,1,C-,1,Frank Karsten,
Aladdin - Cornered Swordsman,3,C-,1,Frank Karsten,
Magic Broom - Bucket Brigade,3,C-,1,Frank Karsten,
Lilo - Galactic Hero,3,C-,1,Frank Karsten,
Tamatoa - So Shiny!,3,C-,1,Frank Karsten,
Captain Hook - Ruthless Pirate,1,C-,1,Frank Karsten,
Minnie Mouse - Always Classy,3,C-,1,Frank Karsten,
Olaf - Friendly Snowman,3,C-,1,Frank Karsten,
Ursula's Cauldron,1,C-,1,Frank Karsten,
Fan the Flames,3,C-,1,Frank Karsten,
Coconut Basket,3,C-,1,Frank Karsten,
Stolen Scimitar,3,C-,1,Frank Karsten,
Dr. Facilier - Charlatan,3,C-,1,Frank Karsten,
Belle - Inventive Engineer,3,C-,1,Frank Karsten,
Iago - Loud-Mouthed Parrot,3,C-,1,Frank Karsten,
Eye of the Fates,3,C-,1,Frank Karsten,
Vicious Betrayal,3,C-,1,Frank Karsten,
Anna - Heir to Arendelle,3,C-,1,Frank Karsten,
Donald Duck - Strutting His Stuff,3,C-,1,Frank Karsten,
Abu - Mischievous Monkey,3,C-,1,Frank Karsten,
Aladdin - Street Rat,3,C-,1,Frank Karsten,
Lefou - Bumbler,3,C-,1,Frank Karsten,
Control Your Temper!,3,C-,1,Frank Karsten,
Elsa - Ice Surfer,3,C-,1,Frank Karsten,
Moana - Chosen by the Ocean,3,C-,1,Frank Karsten,
Timon - Grub Rustler,3,C-,1,Frank Karsten,
Tamatoa - Drab Little Crab,3,C-,1,Frank Karsten,
Fishbone Quill,3,C-,1,Frank Karsten,
White Rabbit's Pocket Watch,3,C-,1,Frank Karsten,
A Whole New World,1,C-,1,Frank Karsten,
Aladdin - Prince Ali,1,D,1,Frank Karsten,
Shield of Virtue,1,D,1,Frank Karsten,
Part of Your World,1,D,1,Frank Karsten,
Poisoned Apple,1,D,1,Frank Karsten,
Hakuna Matata,1,D,1,Frank Karsten,
Dinglehopper,1,D,1,Frank Karsten,
Sebastian - Court Composer,1,D,1,Frank Karsten,
Lady Tremaine - Wicked Stepmother,1,D,1,Frank Karsten,
Scar - Shameless Firebrand,1,D,1,Frank Karsten,
Gantu - Galactic Federation Captain,1,D,1,Frank Karsten,
Magic Golden Flower,1,D,1,Frank Karsten,
Plasma Blaster,1,D,1,Frank Karsten,
He's Got a Sword!,1,D,1,Frank Karsten,
Stampede,1,D,1,Frank Karsten,
Sudden Chill,1,D,1,Frank Karsten,
The Beast is Mine!,1,D,1,Frank Karsten,
Ariel - Whoseit Collector,1,D,1,Frank Karsten,
Healing Glow,1,D,1,Frank Karsten,
Hades - King of Olympus,1,D,1,Frank Karsten,
Work Together,1,D,1,Frank Karsten,
Freeze,0,F,1,Frank Karsten,
Sword of Truth,0,F,1,Frank Karsten,
Just in Time,0,F,1,Frank Karsten,
Cut to the Chase,1,F,1,Frank Karsten,
Break,1,F,1,Frank Karsten,
Frying Pan,1,F,1,Frank Karsten,
Befuddle,1,F,1,Frank Karsten,
Ransack,1,F,1,Frank Karsten,
Reflection,1,F,1,Frank Karsten,
Tangle,1,F,1,Frank Karsten,
Steal from the Rich,0,F,1,Frank Karsten,
Ursula's Shell Necklace,0,F,1,Frank Karsten,
Do It Again!,0,F,1,Frank Karsten,
Musketeer Tabard,0,F,1,Frank Karsten,
Dr. Facilier's Cards,0,F,1,Frank Karsten,
If it's not Baroque,0,F,1,Frank Karsten,
Fairy Godmother - Mystic Armorer,5,A,2,Frank Karsten,
Cogsworth - Grandfather Clock,5,A,2,Frank Karsten,
Beast - Tragic Hero,5,A,2,Frank Karsten,
Beast - Relentless,5,A,2,Frank Karsten,
The Queen - Commanding Presence,5,A,2,Frank Karsten,
Kronk - Junior Chipmunk,5,A,2,Frank Karsten,
Yzma - Scary Beyond All Reason,5,A,2,Frank Karsten,
Snow White - Well Wisher,5,A,2,Frank Karsten,
Lady Tremaine - Imperious Queen,5,A,2,Frank Karsten,
Beast - Selfless Protector,5,A,2,Frank Karsten,
Queen of Hearts - Sensing Weakness,5,B+,2,Frank Karsten,
Gaston - Intellectual Powerhouse,4,B+,2,Frank Karsten,
Alice - Growing Girl,5,B+,2,Frank Karsten,
Sisu - Divine Water Dragon,4,B+,2,Frank Karsten,
Belle - Hidden Archer,4,B+,2,Frank Karsten,
Hercules - Divine Hero,5,B+,2,Frank Karsten,
Mufasa - Betrayed Leader,5,B+,2,Frank Karsten,
Merlin - Rabbit,4,B+,2,Frank Karsten,
Pacha - Village Leader,5,B+,2,Frank Karsten,
Little John - Loyal Friend,5,B+,2,Frank Karsten,
Jafar - Dreadnought,5,B+,2,Frank Karsten,
Strength of a Raging Fire,5,B+,2,Frank Karsten,
World's Greatest Criminal Mind,5,B+,2,Frank Karsten,
Let the Storm Rage On,4,B+,2,Frank Karsten,
Cinderella - Stouthearted,5,B+,2,Frank Karsten,
Merlin - Crab,5,B+,2,Frank Karsten,
Minnie Mouse - Stylish Surfer,5,B+,2,Frank Karsten,
Lucifer - Cunning Cat,4,B+,2,Frank Karsten,
Madam Mim - Fox,5,B+,2,Frank Karsten,
Shere Khan - Menacing Predator,5,B+,2,Frank Karsten,
Dr. Facilier - Fortune Teller,5,B+,2,Frank Karsten,
HeiHei - Persistent Presence,5,B+,2,Frank Karsten,
Peter Pan's Shadow - Not Sewn On,4,B+,2,Frank Karsten,
Ray - Easygoing Firefly,5,B+,2,Frank Karsten,
Scar - Vicious Cheater,4,B,2,Frank Karsten,
Namaari - Nemesis,4,B,2,Frank Karsten,
Rabbit - Reluctant Host,4,B,2,Frank Karsten,
Flynn Rider - His Own Biggest Fan,4,B,2,Frank Karsten,
Cobra Bubbles - Just a Social Worker,4,B,2,Frank Karsten,
Madam Mim - Purple Dragon,4,B,2,Frank Karsten,
Daisy Duck - Secret Agent,4,B,2,Frank Karsten,
Winnie The Pooh - Hunny Wizard,4,B,2,Frank Karsten,
Virana - Fang Chief,4,B,2,Frank Karsten,
Card Soldiers - Full Deck,4,B,2,Frank Karsten,
Happy - Good-Natured,4,B,2,Frank Karsten,
Fairy Godmother - Pure Heart,4,B,2,Frank Karsten,
Li Shang - Archery Instructor,4,B,2,Frank Karsten,
Fairy Godmother - Here to Help,4,B,2,Frank Karsten,
Yzma - Without Beauty Sleep,4,B,2,Frank Karsten,
Donald Duck - Not Again!,4,B,2,Frank Karsten,
Queen of Hearts - Capricious Monarch,4,B,2,Frank Karsten,
Donald Duck - Deep-Sea Diver,4,B,2,Frank Karsten,
Ratigan - Criminal Mastermind,4,B,2,Frank Karsten,
Sleepy - Nodding Off,4,B,2,Frank Karsten,
King Louie - Jungle VIP,4,B,2,Frank Karsten,
Madam Mim - Snake,4,B,2,Frank Karsten,
The Prince - Never Gives Up,4,B,2,Frank Karsten,
Hypnotize,4,B,2,Frank Karsten,
Mulan - Soldier in Training,3,B-,2,Frank Karsten,
Tuk Tuk - Wrecking Ball,3,B-,2,Frank Karsten,
Lumiere - Hotheaded Candelabra,4,B-,2,Frank Karsten,
Pawpsicle,4,B-,2,Frank Karsten,
Snow White - Lost in the Forest,4,B-,2,Frank Karsten,
Ring The Bell,4,B-,2,Frank Karsten,
Painting the Roses Red,4,B-,2,Frank Karsten,
Fidget - Ratigan's Henchman,4,B-,2,Frank Karsten,
Improvise,4,B-,2,Frank Karsten,
The Queen - Regal Monarch,4,B-,2,Frank Karsten,
Charge!,4,B-,2,Frank Karsten,
Chip the Teacup - Gentle Soul,4,B-,2,Frank Karsten,
Owl - Logical Lecturer,4,B-,2,Frank Karsten,
Cruella De Vil - Perfectly Wretched,4,B-,2,Frank Karsten,
Lawrence - Jealous Manservant,4,B-,2,Frank Karsten,
Grand Pabbie - Oldest and Wisest,3,B-,2,Frank Karsten,
Cheshire Cat - From the Shadows,4,B-,2,Frank Karsten,
Raya - Leader of Heart,4,B-,2,Frank Karsten,
Beast - Forbidding Recluse,4,C+,2,Frank Karsten,
Grumpy - Bad-Tempered,4,C+,2,Frank Karsten,
Felicia - Always Hungry,4,C+,2,Frank Karsten,
Elsa - Gloves Off,4,C+,2,Frank Karsten,
Cogsworth - Talking Clock,4,C+,2,Frank Karsten,
Donald Duck - Perfect Gentleman,4,C+,2,Frank Karsten,
Hercules - Hero in Training,4,C+,2,Frank Karsten,
Boun - Precocious Entrepreneur,4,C+,2,Frank Karsten,
Pinocchio - On the Run,3,C+,2,Frank Karsten,
Rapunzel - Sunshine,4,C+,2,Frank Karsten,
Basil - Great Mouse Detective,4,C+,2,Frank Karsten,
Cruella De Vil - Fashionable Cruiser,4,C+,2,Frank Karsten,
Christopher Robin - Adventurer,4,C+,2,Frank Karsten,
Jafar - Royal Vizier,4,C+,2,Frank Karsten,
Merlin - Goat,4,C+,2,Frank Karsten,
Bashful - Hopeless Romantic,4,C+,2,Frank Karsten,
Queen of Hearts - Impulsive Ruler,4,C+,2,Frank Karsten,
Magic Broom - Industrial Model,4,C+,2,Frank Karsten,
Piglet - Very Small Animal,4,C+,2,Frank Karsten,
Blue Fairy - Rewarding Good Deeds,4,C+,2,Frank Karsten,
Panic - Underworld Imp,3,C+,2,Frank Karsten,
Minnie Mouse - Wide-Eyed Diver,4,C+,2,Frank Karsten,
Grand Duke - Advisor to the King,4,C+,2,Frank Karsten,
Rapunzel - Gifted Artist,4,C+,2,Frank Karsten,
Namaari - Morning Mist,3,C+,2,Frank Karsten,
Tiana - True Princess,4,C+,2,Frank Karsten,
Mulan - Free Spirit,4,C+,2,Frank Karsten,
Ratigan - Very Large Mouse,3,C+,2,Frank Karsten,
Doc - Leader of the Seven Dwarfs,4,C+,2,Frank Karsten,
Prince Charming - Heir to the Throne,4,C+,2,Frank Karsten,
Dr. Facilier - Savvy Opportunist,4,C+,2,Frank Karsten,
Teeth and Ambitions,4,C+,2,Frank Karsten,
Sneezy - Very Allergic,4,C+,2,Frank Karsten,
Chief Bogo - Respected Officer,2,C,2,Frank Karsten,
Enchantress - Unexpected Judge,3,C,2,Frank Karsten,
Kuzco - Wanted Llama,3,C,2,Frank Karsten,
Basil - Of Baker Street,3,C,2,Frank Karsten,
James - Role Model,2,C,2,Frank Karsten,
Mother Gothel - Withered and Wicked,3,C,2,Frank Karsten,
Eudora - Accomplished Seamstress,3,C,2,Frank Karsten,
Baloo - Fun-Loving Bear,3,C,2,Frank Karsten,
Prince Naveen - Penniless Royal,3,C,2,Frank Karsten,
Cheshire Cat - Always Grinning,3,C,2,Frank Karsten,
Caterpillar - Calm and Collected,3,C,2,Frank Karsten,
Minnie Mouse - Zipping Around,3,C,2,Frank Karsten,
Tigger - One of a Kind,3,C,2,Frank Karsten,
Basil - Perceptive Investigator,3,C,2,Frank Karsten,
Nothing to Hide,3,C,2,Frank Karsten,
Winnie The Pooh - Having a Think,3,C,2,Frank Karsten,
Nick Wilde - Wily Fox,3,C,2,Frank Karsten,
Benja - Guardian of the Dragon Gem,3,C,2,Frank Karsten,
Gumbo Pot,3,C,2,Frank Karsten,
Arthur - Trained Swordsman,3,C,2,Frank Karsten,
Robin Hood - Capable Fighter,2,C,2,Frank Karsten,
Eli La Bouff - Big Daddy,3,C,2,Frank Karsten,
Four Dozen Eggs,3,C,2,Frank Karsten,
Cinderella - Knight in Training,3,C,2,Frank Karsten,
Raya - Warrior of Kumandra,3,C,2,Frank Karsten,
Mouse Armor,2,C,2,Frank Karsten,
Go the Distance,3,C,2,Frank Karsten,
Pete - Bad Guy,3,C,2,Frank Karsten,
Flynn Rider - Confident Vagabond,3,C,2,Frank Karsten,
Tiana - Diligent Waitress,3,C,2,Frank Karsten,
Pinocchio - Star Attraction,1,C-,2,Frank Karsten,
Hiram Flaversham - Toymaker,3,C-,2,Frank Karsten,
Madam Mim - Rival of Merlin,3,C-,2,Frank Karsten,
Mickey Mouse - Friendly Face,3,C-,2,Frank Karsten,
Goofy - Knight for a Day,3,C-,2,Frank Karsten,
Legend of the Sword in the Stone,3,C-,2,Frank Karsten,
Last Cannon,3,C-,2,Frank Karsten,
Bounce,1,C-,2,Frank Karsten,
Last Stand,1,C-,2,Frank Karsten,
Judy Hopps - Optimistic Officer,3,C-,2,Frank Karsten,
Arthur - Wizard's Apprentice,1,C-,2,Frank Karsten,
Dinner Bell,1,C-,2,Frank Karsten,
The Huntsman - Reluctant Enforcer,3,C-,2,Frank Karsten,
Gaston - Baritone Bully,3,C-,2,Frank Karsten,
Merlin - Squirrel,3,C-,2,Frank Karsten,
Nana - Darling Family Pet,3,C-,2,Frank Karsten,
Bucky - Squirrel Squeak Tutor,3,C-,2,Frank Karsten,
Tiana - Celebrating Princess,1,C-,2,Frank Karsten,
Noi - Orphaned Thief,3,C-,2,Frank Karsten,
Hold Still,3,C-,2,Frank Karsten,
Jiminy Cricket - Pinocchio's Conscience,3,C-,2,Frank Karsten,
Belle - Bookworm,1,C-,2,Frank Karsten,
Pain - Underworld Imp,3,C-,2,Frank Karsten,
Dopey - Always Playful,3,C-,2,Frank Karsten,
Jasmine - Heir of Agrabah,3,C-,2,Frank Karsten,
Weight Set,3,C-,2,Frank Karsten,
Mulan - Reflecting,3,C-,2,Frank Karsten,
Pack Tactics,3,C-,2,Frank Karsten,
Duke Weaselton - Small-Time Crook,3,C-,2,Frank Karsten,
Gaston - Scheming Suitor,3,C-,2,Frank Karsten,
The Nokk - Water Spirit,1,D,2,Frank Karsten,
Raya - Headstrong,1,D,2,Frank Karsten,
Donald Duck - Sleepwalker,1,D,2,Frank Karsten,
I'm Stuck!,1,D,2,Frank Karsten,
You Can Fly!,1,D,2,Frank Karsten,
What did you call me?,1,D,2,Frank Karsten,
Merlin - Shapeshifter,1,D,2,Frank Karsten,
Fang Crossbow,1,D,2,Frank Karsten,
Cinderella - Ballroom Sensation,1,D,2,Frank Karsten,
Sardine Can,1,D,2,Frank Karsten,
Bibbidi Bobbidi Boo,1,D,2,Frank Karsten,
Prince John - Greediest of All,1,D,2,Frank Karsten,
Pick a Fight,1,D,2,Frank Karsten,
Launch,1,D,2,Frank Karsten,
Mrs. Judson - Housekeeper,1,D,2,Frank Karsten,
Queen of Hearts - Quick-Tempered,1,D,2,Frank Karsten,
Lady Tremaine - Overbearing Matriarch,1,D,2,Frank Karsten,
Snow White - Unexpected Houseguest,1,D,2,Frank Karsten,
Pinocchio - Talkative Puppet,1,D,2,Frank Karsten,
The Most Diabolical Scheme,1,D,2,Frank Karsten,
Dragon Gem,1,D,2,Frank Karsten,
The Sorcerer's Spellbook,1,D,2,Frank Karsten,
Honest John - Not That Honest,1,D,2,Frank Karsten,
The Queen - Disguised Peddler,1,D,2,Frank Karsten,
Falling Down the Rabbit Hole,1,D,2,Frank Karsten,
Gruesome And Grim,0,F,2,Frank Karsten,
Croquet Mallet,0,F,2,Frank Karsten,
Binding Contract,0,F,2,Frank Karsten,
Zero To Hero,0,F,2,Frank Karsten,
Sword In The Stone,0,F,2,Frank Karsten,
Perplexing Signposts,0,F,2,Frank Karsten,
Peter Pan's Dagger,0,F,2,Frank Karsten,
Sleepy's Flute,0,F,2,Frank Karsten,
Maurice's Workshop,0,F,2,Frank Karsten,
Ratigan's Marvelous Trap,0,F,2,Frank Karsten,
Robin Hood - Champion of Sherwood,5,A,3,Frank Karsten,
Hydra - Deadly Serpent,5,A,3,Frank Karsten,
Madame Medusa - The Boss,5,A,3,Frank Karsten,
Simba - Fighting Prince,5,A,3,Frank Karsten,
And Then Along Came Zeus,5,A,3,Frank Karsten,
Chernabog - Evildoer,5,A,3,Frank Karsten,
Kida - Protector of Atlantis,5,A,3,Frank Karsten,
Prince Eric - Expert Helmsman,5,A,3,Frank Karsten,
Don Karnage - Prince of Pirates,5,B+,3,Frank Karsten,
Maid Marian - Delightful Dreamer,5,B+,3,Frank Karsten,
Maleficent - Mistress of All Evil,5,B+,3,Frank Karsten,
Perdita - Devoted Mother,4,B+,3,Frank Karsten,
Pyros - Lava Titan,5,B+,3,Frank Karsten,
Helga Sinclair - Femme Fatale,4,B+,3,Frank Karsten,
Peter Pan - Pirate's Bane,5,B+,3,Frank Karsten,
Pluto - Determined Defender,5,B+,3,Frank Karsten,
Robin Hood - Daydreamer,5,B+,3,Frank Karsten,
Nani - Protective Sister,5,B+,3,Frank Karsten,
Simba - Rightful King,5,B+,3,Frank Karsten,
Mr. Snoops - Inept Businessman,5,B+,3,Frank Karsten,
Captain Hook - Master Swordsman,5,B+,3,Frank Karsten,
Genie - Supportive Friend,4,B+,3,Frank Karsten,
Lyle Tiberius Rourke - Cunning Mercenary,4,B+,3,Frank Karsten,
Mama Odie - Voice of Wisdom,4,B+,3,Frank Karsten,
Mr. Smee - Bumbling Mate,4,B,3,Frank Karsten,
Helga Sinclair - Right-Hand Woman,4,B,3,Frank Karsten,
Jim Hawkins - Space Traveler,4,B,3,Frank Karsten,
Eeyore - Overstuffed Donkey,4,B,3,Frank Karsten,
Little John - Robin's Pal,4,B,3,Frank Karsten,
Razoul - Palace Guard,4,B,3,Frank Karsten,
Sir Hiss - Aggravating Asp,4,B,3,Frank Karsten,
Gramma Tala - Keeper of Ancient Stories,4,B,3,Frank Karsten,
Maui - Whale,4,B,3,Frank Karsten,
King Louie - Bandleader,4,B,3,Frank Karsten,
Pluto - Mickey's Clever Friend,4,B,3,Frank Karsten,
Webby Vanderquack - Enthusiastic Duck,4,B,3,Frank Karsten,
Kida - Royal Warrior,4,B,3,Frank Karsten,
Alice - Tea Alchemist,4,B,3,Frank Karsten,
Rolly - Hungry Pup,4,B,3,Frank Karsten,
Magic Broom - Swift Cleaner,4,B,3,Frank Karsten,
The Queen's Castle - Mirror Chamber,4,B-,3,Frank Karsten,
Pongo - Determined Father,4,B-,3,Frank Karsten,
Louie - Chill Nephew,4,B-,3,Frank Karsten,
Stratos - Tornado Titan,4,B-,3,Frank Karsten,
Billy Bones - Keeper of the Map,4,B-,3,Frank Karsten,
Friar Tuck - Priest of Nottingham,4,B-,3,Frank Karsten,
Motunui - Island Paradise,4,B-,3,Frank Karsten,
Ursula - Sea Witch,3,B-,3,Frank Karsten,
Mufasa - Champion of the Pride Lands,4,B-,3,Frank Karsten,
Lucky - The 15th Puppy,3,B-,3,Frank Karsten,
Chernabog's Followers - Creatures of Evil,4,B-,3,Frank Karsten,
Stitch - Covert Agent,4,B-,3,Frank Karsten,
Stitch - Little Rocket,3,B-,3,Frank Karsten,
Gustav the Giant - Terror of the Kingdom,4,B-,3,Frank Karsten,
Ariel - Adventurous Collector,4,B-,3,Frank Karsten,
Flintheart Glomgold - Lone Cheater,4,B-,3,Frank Karsten,
Magic Carpet - Flying Rug,4,B-,3,Frank Karsten,
Moana - Undeterred Voyager,4,B-,3,Frank Karsten,
Iago - Pretty Polly,4,B-,3,Frank Karsten,
Wildcat - Mechanic,4,B-,3,Frank Karsten,
Ba-Boom!,4,B-,3,Frank Karsten,
Lythos - Rock Titan,4,B-,3,Frank Karsten,
John Silver - Greedy Treasure Seeker,4,B-,3,Frank Karsten,
Rufus - Orphanage Cat,4,B-,3,Frank Karsten,
Della Duck - Unstoppable Mom,3,B-,3,Frank Karsten,
Distract,4,B-,3,Frank Karsten,
Maui's Place of Exile - Hidden Island,4,B-,3,Frank Karsten,
Patch - Intimidating Pup,4,B-,3,Frank Karsten,
Milo Thatch - King of Atlantis,3,C+,3,Frank Karsten,
Hades - Hotheaded Ruler,4,C+,3,Frank Karsten,
Cursed Merfolk - Ursula's Handiwork,3,C+,3,Frank Karsten,
HeiHei - Accidental Explorer,4,C+,3,Frank Karsten,
Piglet - Pooh Pirate Captain,4,C+,3,Frank Karsten,
Little John - Resourceful Outlaw,4,C+,3,Frank Karsten,
Wendy Darling - Authority on Peter Pan,4,C+,3,Frank Karsten,
Dalmatian Puppy - Tail Wagger,4,C+,3,Frank Karsten,
Magica De Spell - Ambitious Witch,4,C+,3,Frank Karsten,
Heart of Atlantis,3,C+,3,Frank Karsten,
Gramma Tala - Spirit of the Ocean,4,C+,3,Frank Karsten,
Hydros - Ice Titan,4,C+,3,Frank Karsten,
Dewey - Showy Nephew,4,C+,3,Frank Karsten,
Kit Cloudkicker - Tough Guy,4,C+,3,Frank Karsten,
Nala - Fierce Friend,4,C+,3,Frank Karsten,
Robin Hood - Beloved Outlaw,4,C+,3,Frank Karsten,
Kida - Atlantean,4,C+,3,Frank Karsten,
Milo Thatch - Clever Cartographer,4,C+,3,Frank Karsten,
Starkey - Devious Pirate,4,C+,3,Frank Karsten,
Heal What Has Been Hurt,4,C+,3,Frank Karsten,
Huey - Savvy Nephew,4,C+,3,Frank Karsten,
Ursula - Deceiver of All,4,C+,3,Frank Karsten,
Bernard - Brand-New Agent,4,C+,3,Frank Karsten,
Thaddeus E. Klang - Metallic Leader,4,C+,3,Frank Karsten,
Cubby - Mighty Lost Boy,4,C+,3,Frank Karsten,
Nutsy - Vulture Henchman,4,C+,3,Frank Karsten,
Jafar - Striking Illusionist,4,C+,3,Frank Karsten,
Helga Sinclair - Vengeful Partner,4,C+,3,Frank Karsten,
Chief Tui - Proud of Motunui,4,C+,3,Frank Karsten,
Rafiki - Mystical Fighter,4,C+,3,Frank Karsten,
Slightly - Lost Boy,4,C+,3,Frank Karsten,
Jim Hawkins - Thrill Seeker,3,C,3,Frank Karsten,
Queen of Hearts - Wonderland Empress,3,C,3,Frank Karsten,
The Queen - Hateful Rival,3,C,3,Frank Karsten,
How Far I'll Go,2,C,3,Frank Karsten,
McDuck Manor - Scrooge's Mansion,3,C,3,Frank Karsten,
Moana - Born Leader,3,C,3,Frank Karsten,
Flotsam - Riffraff,3,C,3,Frank Karsten,
Joshua Sweet - The Doctor,3,C,3,Frank Karsten,
Sumerian Talisman,3,C,3,Frank Karsten,
Zazu - Steward of the Pride Lands,3,C,3,Frank Karsten,
Genie - Cramped in the Lamp,3,C,3,Frank Karsten,
Magica De Spell - Thieving Sorceress,3,C,3,Frank Karsten,
Pua - Potbellied Buddy,3,C,3,Frank Karsten,
Captain Hook's Rapier,2,C,3,Frank Karsten,
Strike a Good Match,3,C,3,Frank Karsten,
Tinker Bell - Generous Fairy,2,C,3,Frank Karsten,
The Firebird - Force of Destruction,3,C,3,Frank Karsten,
Morph - Space Goo,3,C,3,Frank Karsten,
Pride Lands - Pride Rock,2,C,3,Frank Karsten,
Scroop - Backstabber,3,C,3,Frank Karsten,
Kit Cloudkicker - Navigator,3,C,3,Frank Karsten,
Robin's Bow,2,C,3,Frank Karsten,
Forbidden Mountain - Maleficent's Castle,3,C,3,Frank Karsten,
Mickey Mouse - Stalwart Explorer,3,C,3,Frank Karsten,
The Queen - Mirror Seeker,3,C,3,Frank Karsten,
Last-Ditch Effort,2,C,3,Frank Karsten,
Milo Thatch - Spirited Scholar,3,C,3,Frank Karsten,
Rise of the Titans,3,C,3,Frank Karsten,
De Vil Manor - Cruella's Estate,3,C,3,Frank Karsten,
Never Land - Mermaid Lagoon,3,C,3,Frank Karsten,
Nottingham - Prince John's Castle,3,C,3,Frank Karsten,
Baloo - von Bruinwald XIII,2,C,3,Frank Karsten,
Peter Pan - Lost Boy Leader,3,C,3,Frank Karsten,
Simba - Scrappy Cub,1,C-,3,Frank Karsten,
Diablo - Faithful Pet,3,C-,3,Frank Karsten,
Prince John - Phony King,1,C-,3,Frank Karsten,
Wendy Darling - Talented Sailor,3,C-,3,Frank Karsten,
Captain Amelia - First in Command,3,C-,3,Frank Karsten,
Fang - River City,3,C-,3,Frank Karsten,
Kuzco's Palace - Home of the Emperor,3,C-,3,Frank Karsten,
Magic Broom - The Big Sweeper,3,C-,3,Frank Karsten,
Ursula - Deceiver,3,C-,3,Frank Karsten,
Audrey Ramirez - The Engineer,3,C-,3,Frank Karsten,
Kakamora - Menacing Sailor,1,C-,3,Frank Karsten,
Orville - Ace Pilot,3,C-,3,Frank Karsten,
RLS Legacy - Solar Galleon,1,C-,3,Frank Karsten,
Trigger - Not-So-Sharp Shooter,3,C-,3,Frank Karsten,
Maui's Fish Hook,3,C-,3,Frank Karsten,
Shenzi - Hyena Pack Leader,3,C-,3,Frank Karsten,
Lena Sabrewing - Rebellious Teenager,3,C-,3,Frank Karsten,
99 Puppies,1,C-,3,Frank Karsten,
Agrabah - Marketplace,3,C-,3,Frank Karsten,
Jafar - Lamp Thief,3,C-,3,Frank Karsten,
Minnie Mouse - Musical Artist,3,C-,3,Frank Karsten,
I Will Find My Way,3,C-,3,Frank Karsten,
It Calls Me,3,C-,3,Frank Karsten,
Cleansing Rainwater,3,C-,3,Frank Karsten,
Boss's Orders,3,C-,3,Frank Karsten,
Heart of Te Fiti,3,C-,3,Frank Karsten,
Scrooge McDuck - Richest Duck in the World,1,C-,3,Frank Karsten,
Jetsam - Riffraff,3,C-,3,Frank Karsten,
Maui - Soaring Demigod,1,C-,3,Frank Karsten,
The Sorcerer's Tower - Wondrous Workspace,3,C-,3,Frank Karsten,
Tiana's Palace - Jazz Restaurant,1,C-,3,Frank Karsten,
Bestow a Gift,3,C-,3,Frank Karsten,
Minnie Mouse - Funky Spelunker,3,C-,3,Frank Karsten,
Treasure Guardian - Protector of the Cave,1,C-,3,Frank Karsten,
Lucky Dime,1,C-,3,Frank Karsten,
Pluto - Friendly Pooch,1,D,3,Frank Karsten,
Skippy - Energetic Rabbit,1,D,3,Frank Karsten,
Magica De Spell - The Midas Touch,1,D,3,Frank Karsten,
The Bayou - Mysterious Swamp,1,D,3,Frank Karsten,
Aurelian Gyrosensor,1,D,3,Frank Karsten,
Sheriff of Nottingham - Corrupt Official,1,D,3,Frank Karsten,
Peter Pan - Never Land Hero,1,D,3,Frank Karsten,
Scrooge McDuck - Uncle Moneybags,1,D,3,Frank Karsten,
Miss Bianca - Rescue Aid Society Agent,1,D,3,Frank Karsten,
Tinker Bell - Very Clever Fairy,1,D,3,Frank Karsten,
Olympus Would Be That Way,1,D,3,Frank Karsten,
The Bare Necessities,1,D,3,Frank Karsten,
Gizmosuit,1,D,3,Frank Karsten,
Has Set My Heaaaaaaart...,1,D,3,Frank Karsten,
Mickey Mouse - Trumpeter,1,D,3,Frank Karsten,
Vault Door,1,D,3,Frank Karsten,
Mama Odie - Mystical Maven,1,D,3,Frank Karsten,
Gyro Gearloose - Gadget Whiz,1,D,3,Frank Karsten,
I've Got a Dream,1,D,3,Frank Karsten,
Repair,1,D,3,Frank Karsten,
The Boss Is on a Roll,1,D,3,Frank Karsten,
The Lamp,1,D,3,Frank Karsten,
Jolly Roger - Hook's Ship,1,D,3,Frank Karsten,
Quick Patch,1,D,3,Frank Karsten,
Wildcat's Wrench,1,D,3,Frank Karsten,
Magic Broom - Dancing Duster,1,D,3,Frank Karsten,
Voyage,1,D,3,Frank Karsten,
Map of Treasure Planet,1,D,3,Frank Karsten,
Kit Cloudkicker - Spunky Bear Cub,1,F,3,Frank Karsten,
Divebomb,1,F,3,Frank Karsten,
Belle's House - Maurice's Workshop,1,F,3,Frank Karsten,
Friend Like Me,1,F,3,Frank Karsten,
On Your Feet! Now!,0,F,3,Frank Karsten,
Airfoil,1,F,3,Frank Karsten,
The Sorcerer's Hat,1,F,3,Frank Karsten,
Scrooge's Top Hat,0,F,3,Frank Karsten,
Starlight Vial,0,F,3,Frank Karsten,
Belle - Accomplished Mystic,5,A,4,Frank Karsten,
Diablo - Devoted Herald,5,A,4,Frank Karsten,
Cri-Kee - Lucky Cricket,5,A,4,Frank Karsten,
Hercules - Beloved Hero,5,A,4,Frank Karsten,
Raya - Unstoppable Force,5,A,4,Frank Karsten,
Isabela Madrigal - Golden Child,5,A,4,Frank Karsten,
Piglet - Sturdy Swordsman,5,A,4,Frank Karsten,
Mulan - Elite Archer,5,A,4,Frank Karsten,
Ursula - Sea Witch Queen,5,A,4,Frank Karsten,
Chien-Po - Imperial Soldier,5,B+,4,Frank Karsten,
Goofy - Super Goof,5,B+,4,Frank Karsten,
Ariel - Sonic Warrior,5,B+,4,Frank Karsten,
Tick-Tock - Ever-Present Pursuer,5,B+,4,Frank Karsten,
Sisu - Emboldened Warrior,5,B+,4,Frank Karsten,
Jasmine - Desert Warrior,4,B+,4,Frank Karsten,
Pluto - Rescue Dog,5,B+,4,Frank Karsten,
Sisu - Wise Friend,5,B+,4,Frank Karsten,
Flynn Rider - Frenemy,5,B+,4,Frank Karsten,
"Flotsam - Ursula's ""Baby""",4,B+,4,Frank Karsten,
Julieta Madrigal - Excellent Cook,5,B+,4,Frank Karsten,
We Don't Talk About Bruno,5,B+,4,Frank Karsten,
Medallion Weights,5,B+,4,Frank Karsten,
Noi - Acrobatic Baby,5,B+,4,Frank Karsten,
Bruno Madrigal - Out of the Shadows,4,B+,4,Frank Karsten,
Gaston - Despicable Dealer,4,B,4,Frank Karsten,
Luisa Madrigal - Rock of the Family,4,B,4,Frank Karsten,
Dolores Madrigal - Easy Listener,4,B,4,Frank Karsten,
Tor - Florist,4,B,4,Frank Karsten,
Rapunzel - Appreciative Artist,4,B,4,Frank Karsten,
Pegasus - Cloud Racer,4,B,4,Frank Karsten,
Pegasus - Gift for Hercules,4,B,4,Frank Karsten,
Li Shang - Imperial Captain,4,B,4,Frank Karsten,
Minnie Mouse - Musketeer Champion,4,B,4,Frank Karsten,
Prince Eric - Seafaring Prince,4,B,4,Frank Karsten,
Antonio Madrigal - Animal Expert,4,B,4,Frank Karsten,
Belle - Untrained Mystic,4,B,4,Frank Karsten,
"Jetsam - Ursula's ""Baby""",4,B,4,Frank Karsten,
Hercules - Clumsy Kid,4,B,4,Frank Karsten,
Lumiere - Fiery Friend,4,B,4,Frank Karsten,
Nessus - River Guardian,4,B,4,Frank Karsten,
Pegasus - Flying Steed,4,B,4,Frank Karsten,
Elsa - Storm Chaser,4,B,4,Frank Karsten,
Namaari - Heir of Fang,4,B,4,Frank Karsten,
Heihei - Bumbling Rooster,4,B,4,Frank Karsten,
Brawl,4,B,4,Frank Karsten,
Cogsworth - Majordomo,4,B-,4,Frank Karsten,
Look at this Family,4,B-,4,Frank Karsten,
Hades - Meticulous Plotter,4,B-,4,Frank Karsten,
Mulan - Armored Fighter,4,B-,4,Frank Karsten,
The Mob Song,3,B-,4,Frank Karsten,
Camilo Madrigal - Prankster,4,B-,4,Frank Karsten,
Tuk Tuk - Lively Partner,4,B-,4,Frank Karsten,
Mickey Mouse - Leader of the Band,4,B-,4,Frank Karsten,
Magic Broom - Aerial Cleaner,4,B-,4,Frank Karsten,
Mirabel Madrigal - Gift of the Family,3,B-,4,Frank Karsten,
Luisa Madrigal - Magically Strong One,3,B-,4,Frank Karsten,
Donald Duck - Buccaneer,4,B-,4,Frank Karsten,
Mickey Mouse - Playful Sorcerer,4,B-,4,Frank Karsten,
Daisy Duck - Musketeer Spy,4,B-,4,Frank Karsten,
Jaq - Connoisseur of Climbing,4,B-,4,Frank Karsten,
Megara - Captivating Cynic,3,B-,4,Frank Karsten,
Raya - Fierce Protector,4,B-,4,Frank Karsten,
Peter Pan - Shadow Finder,3,C+,4,Frank Karsten,
Lefou - Opportunistic Flunky,4,C+,4,Frank Karsten,
Magic Broom - Brigade Commander,4,C+,4,Frank Karsten,
Stitch - Alien Dancer,4,C+,4,Frank Karsten,
Hercules - Daring Demigod,3,C+,4,Frank Karsten,
Yao - Imperial Soldier,4,C+,4,Frank Karsten,
Second Star to the Right,3,C+,4,Frank Karsten,
Donald Duck - Musketeer Soldier,4,C+,4,Frank Karsten,
Prince Eric - Ursula's Groom,4,C+,4,Frank Karsten,
Bruno Madrigal - Undetected Uncle,4,C+,4,Frank Karsten,
Philoctetes - No-Nonsense Instructor,4,C+,4,Frank Karsten,
Felix Madrigal - Fun-Loving Family Man,4,C+,4,Frank Karsten,
Pain - Immortal Sidekick,4,C+,4,Frank Karsten,
Mickey Mouse - Standard Bearer,4,C+,4,Frank Karsten,
Agustin Madrigal - Clumsy Dad,4,C+,4,Frank Karsten,
Gus - Champion of Cheese,4,C+,4,Frank Karsten,
Megara - Liberated One,4,C+,4,Frank Karsten,
Li Shang - General's Son,4,C+,4,Frank Karsten,
Flotsam & Jetsam - Entangling Eels,4,C+,4,Frank Karsten,
Tong - Survivor,3,C+,4,Frank Karsten,
Be King Undisputed,3,C+,4,Frank Karsten,
Tuk Tuk - Curious Partner,4,C+,4,Frank Karsten,
Arges - The Cyclops,4,C+,4,Frank Karsten,
Great Stone Dragon,4,C+,4,Frank Karsten,
Zeus - Mr. Lightning Bolts,4,C+,4,Frank Karsten,
Mickey Mouse - Musketeer Captain,3,C+,4,Frank Karsten,
Prince Phillip - Gallant Defender,4,C+,4,Frank Karsten,
Winter Camp - Medical Tent,4,C+,4,Frank Karsten,
Ursula - Mad Sea Witch,4,C+,4,Frank Karsten,
Ursula's Garden - Full of the Unfortunate,4,C+,4,Frank Karsten,
Iduna - Caring Mother,4,C+,4,Frank Karsten,
Transformed Chef - Castle Stove,4,C+,4,Frank Karsten,
Ling - Imperial Soldier,4,C+,4,Frank Karsten,
Rajah - Royal Protector,4,C+,4,Frank Karsten,
Ursula - Eric's Bride,3,C+,4,Frank Karsten,
Magic Broom - Illuminary Keeper,4,C+,4,Frank Karsten,
Dang Hu - Talon Chief,4,C+,4,Frank Karsten,
Hans - Noble Scoundrel,4,C+,4,Frank Karsten,
Olaf - Carrot Enthusiast,4,C+,4,Frank Karsten,
Pascal - Inquisitive Pet,3,C,4,Frank Karsten,
Max - Loyal Sheepdog,3,C,4,Frank Karsten,
Li Shang - Valorous General,3,C,4,Frank Karsten,
Anna - True-Hearted,3,C,4,Frank Karsten,
The Queen - Diviner,3,C,4,Frank Karsten,
Triton - Young Prince,3,C,4,Frank Karsten,
Chi-Fu - Imperial Advisor,3,C,4,Frank Karsten,
Mirabel Madrigal - Prophecy Finder,3,C,4,Frank Karsten,
The Underworld - River Styx,3,C,4,Frank Karsten,
Pico - Helpful Toucan,3,C,4,Frank Karsten,
Khan - Beloved Steed,3,C,4,Frank Karsten,
Olaf - Trusting Companion,3,C,4,Frank Karsten,
Aladdin - Brave Rescuer,3,C,4,Frank Karsten,
Beast - Thick-Skinned,3,C,4,Frank Karsten,
Mrs. Potts - Enchanted Teapot,3,C,4,Frank Karsten,
The Muses - Proclaimers of Heroes,3,C,4,Frank Karsten,
Mulan - Injured Soldier,3,C,4,Frank Karsten,
Anna - Braving the Storm,3,C,4,Frank Karsten,
John Silver - Terror of the Realm,3,C,4,Frank Karsten,
Pepa Madrigal - Weather Maker,2,C,4,Frank Karsten,
Magical Maid - Feather Duster,3,C,4,Frank Karsten,
Ursula's Lair - Eye of the Storm,2,C,4,Frank Karsten,
Fa Li - Mulan's Mother,3,C,4,Frank Karsten,
Daisy Duck - Lovely Lady,3,C,4,Frank Karsten,
Aladdin - Resolute Swordsman,3,C,4,Frank Karsten,
Ariel - Determined Mermaid,3,C,4,Frank Karsten,
Gunther - Interior Designer,3,C,4,Frank Karsten,
Sisu - Daring Visitor,2,C,4,Frank Karsten,
The Fates - Only One Eye,3,C,4,Frank Karsten,
Ariel - Treasure Collector,2,C,4,Frank Karsten,
Triton - Discerning King,2,C,4,Frank Karsten,
Fortisphere,3,C,4,Frank Karsten,
A Pirate's Life,3,C,4,Frank Karsten,
Thebes - The Big Olive,3,C,4,Frank Karsten,
Ursula - Vanessa,3,C,4,Frank Karsten,
Lost in the Woods,3,C-,4,Frank Karsten,
Training Grounds - Impossible Pillar,3,C-,4,Frank Karsten,
Magic Broom - Lively Sweeper,3,C-,4,Frank Karsten,
Panic - Immortal Sidekick,3,C-,4,Frank Karsten,
Pete - Born to Cheat,1,C-,4,Frank Karsten,
Pete - Rotten Guy,3,C-,4,Frank Karsten,
Hidden Cove - Tranquil Haven,3,C-,4,Frank Karsten,
Benja - Bold Uniter,3,C-,4,Frank Karsten,
Mulan - Enemy of Entanglement,3,C-,4,Frank Karsten,
Raya - Guardian of the Dragon Gem,3,C-,4,Frank Karsten,
Dig a Little Deeper,1,C-,4,Frank Karsten,
Ice Block,1,C-,4,Frank Karsten,
One Last Hope,1,C-,4,Frank Karsten,
Avalanche,1,C-,4,Frank Karsten,
Ariel - Singing Mermaid,3,C-,4,Frank Karsten,
Goofy - Musketeer Swordsman,1,C-,4,Frank Karsten,
Marshmallow - Terrifying Snowman,1,C-,4,Frank Karsten,
Hidden Inkcaster,1,C-,4,Frank Karsten,
Aurora - Lore Guardian,3,C-,4,Frank Karsten,
Vitalisphere,3,C-,4,Frank Karsten,
Rose Lantern,3,C-,4,Frank Karsten,
Prince Phillip - Warden of the Woods,1,C-,4,Frank Karsten,
Seldom All They Seem,3,C-,4,Frank Karsten,
Prince Phillip - Vanquisher of Foes,3,C-,4,Frank Karsten,
Alma Madrigal - Family Matriarch,1,C-,4,Frank Karsten,
Bruno's Return,1,C-,4,Frank Karsten,
Yen Sid - Powerful Sorcerer,3,C-,4,Frank Karsten,
Flounder - Collector's Companion,3,C-,4,Frank Karsten,
Scuttle - Expert on Humans,3,C-,4,Frank Karsten,
Under the Sea,1,C-,4,Frank Karsten,
Snuggly Duckling - Disreputable Pub,3,C-,4,Frank Karsten,
Triton's Decree,1,D,4,Frank Karsten,
Triton's Trident,1,D,4,Frank Karsten,
Casa Madrigal - Casita,1,D,4,Frank Karsten,
Diablo - Maleficent's Spy,1,D,4,Frank Karsten,
Hera - Queen of the Gods,1,D,4,Frank Karsten,
Beast - Wounded,1,D,4,Frank Karsten,
Imperial Proclamation,1,D,4,Frank Karsten,
Aurora - Tranquil Princess,1,D,4,Frank Karsten,
Imperial Bow,1,D,4,Frank Karsten,
Vision Slab,1,D,4,Frank Karsten,
Hades - Double Dealer,1,D,4,Frank Karsten,
Glean,1,D,4,Frank Karsten,
Cinderella - Melody Weaver,1,D,4,Frank Karsten,
Make the Potion,1,D,4,Frank Karsten,
Triton - Champion of Atlantica,1,D,4,Frank Karsten,
Fa Zhou - Mulan's Father,1,D,4,Frank Karsten,
Swing into Action,1,D,4,Frank Karsten,
First Aid,1,D,4,Frank Karsten,
Poor Unfortunate Souls,1,D,4,Frank Karsten,
Mystical Rose,1,D,4,Frank Karsten,
Ursula's Plan,1,D,4,Frank Karsten,
"I Find 'em, I Flatten 'em!",1,D,4,Frank Karsten,
Golden Harp - Enchanter of the Land,1,F,4,Frank Karsten,
Miracle Candle,1,F,4,Frank Karsten,
Record Player,1,F,4,Frank Karsten,
Sisu - Empowered Sibling,4,B,4,Fortyborn,
Atlantica - Concert Hall,1,F,4,Frank Karsten,
Dodge!,1,F,4,Frank Karsten,
Signed Contract,1,F,4,Frank Karsten,
The Plank,0,F,4,Frank Karsten,
RLS Legacy's Cannon,0,F,4,Frank Karsten,
Ursula's Trickery,0,F,4,Frank Karsten,
Ariel's Grotto - A Secret Place,1,F,4,Frank Karsten,
The Wall - Border Fortress,1,F,4,Frank Karsten,
Sign the Scroll,0,F,4,Frank Karsten,
Treasures Untold,1,F,4,Frank Karsten,
Field of Ice,1,F,4,Frank Karsten,
Robin Hood - Timely Contestant,5,A,5,Frank Karsten,
Madam Mim - Elephant,5,A,5,Frank Karsten,
Scrooge McDuck - Afficionado of Antiquities,5,A,5,Frank Karsten,
Camilo Madrigal - Family Copycat,5,A,5,Frank Karsten,
Jafar - Tyrannical Hypnotist,5,A,5,Frank Karsten,
Luisa Madrigal - Entertaining Muscle,5,A,5,Frank Karsten,
Mother Gothel - Unwavering Schemer,5,A,5,Frank Karsten,
Anna - Diplomatic Queen,5,A,5,Frank Karsten,
Elsa - The Fifth Spirit,5,A,5,Frank Karsten,
Maid Marian - Lady of the Lists,5,B+,5,Frank Karsten,
The Nokk - Mythical Spirit,5,B+,5,Frank Karsten,
Scroop - Odious Mutineer,4,B+,5,Frank Karsten,
Arthur - King Victorious,4,B+,5,Frank Karsten,
Moana - Determined Explorer,4,B+,5,Frank Karsten,
Clarabelle - Light on Her Hooves,5,B+,5,Frank Karsten,
Prince Phillip - Swordsman of the Realm,5,B+,5,Frank Karsten,
Namaari - Resolute Daughter,4,B+,5,Frank Karsten,
Zazu - Advisor to Mufasa,5,B+,5,Frank Karsten,
Monstro - Whale of a Whale,5,B+,5,Frank Karsten,
Bruni - Fire Salamander,5,B+,5,Frank Karsten,
HeiHei - Protective Rooster,5,B+,5,Frank Karsten,
Anna - Mystical Majesty,4,B+,5,Frank Karsten,
Archimedes - Exasperated Owl,5,B+,5,Frank Karsten,
Kuzco - Selfish Emperor,5,B+,5,Frank Karsten,
The Library - A Gift for Belle,5,B+,5,Frank Karsten,
Maximus - Team Champion,5,B+,5,Frank Karsten,
Scar - Vengeful Lion,5,B+,5,Frank Karsten,
Olaf - Happy Passenger,4,B+,5,Frank Karsten,
Wreck‐It Ralph - Admiral Underpants,4,B+,5,Frank Karsten,
Mufasa - Ruler of Pride Rock,4,B+,5,Frank Karsten,
Clarabelle - Contented Wallflower,4,B,5,Frank Karsten,
White Rabbit - Royal Herald,4,B,5,Frank Karsten,
Ratigan - Party Crasher,4,B,5,Frank Karsten,
Sir Ector - Castle Lord,4,B,5,Frank Karsten,
King Candy - Sweet Abomination,4,B,5,Frank Karsten,
Simba - Lost Prince,4,B,5,Frank Karsten,
Denahi - Avenging Brother,4,B,5,Frank Karsten,
Daisy Duck - Spotless Food‐Fighter,4,B,5,Frank Karsten,
Gaston - Pure Paragon,4,B,5,Frank Karsten,
Shenzi - Scar's Accomplice,4,B,5,Frank Karsten,
Fauna - Good Fairy,4,B,5,Frank Karsten,
Donald Duck - Focused Flatfoot,4,B,5,Frank Karsten,
Doc - Bold Knight,4,B,5,Frank Karsten,
Ludwig von Drake - Self‐Proclaimed Genius,4,B,5,Frank Karsten,
Finders Keepers,4,B,5,Frank Karsten,
Basil - Practiced Detective,4,B-,5,Frank Karsten,
Archimedes - Electrified Owl,4,B-,5,Frank Karsten,
Plate Armor,3,B-,5,Frank Karsten,
Genie - Main Attraction,3,B-,5,Frank Karsten,
Rafiki - Shaman Duelist,3,B-,5,Frank Karsten,
Vanellope von Schweetz - Random Roster Racer,3,B-,5,Frank Karsten,
Rudy - Groove Disrupter,4,B-,5,Frank Karsten,
Vanellope von Schweetz - Sugar Rush Champ,4,B-,5,Frank Karsten,
King Candy - Sovereign of Sugar,4,B-,5,Frank Karsten,
Sven - Reindeer Steed,4,B-,5,Frank Karsten,
Earth Giant - Living Mountain,4,B-,5,Frank Karsten,
Shenzi - Head Hyena,4,B-,5,Frank Karsten,
"Fix‐It Felix, Jr. - Trusty Builder",4,B-,5,Frank Karsten,
Happy - Lively Knight,4,B-,5,Frank Karsten,
Gale - Wind Spirit,4,B-,5,Frank Karsten,
Merlin - Turtle,4,B-,5,Frank Karsten,
Stitch - Team Underdog,3,B-,5,Frank Karsten,
Donald Duck - Pie Slinger,4,B-,5,Frank Karsten,
Rutt - Northern Moose,4,B-,5,Frank Karsten,
Mother Gothel - Conceited Manipulator,4,B-,5,Frank Karsten,
Flora - Good Fairy,4,B-,5,Frank Karsten,
Mirabel Madrigal - Family Gatherer,4,B-,5,Frank Karsten,
Snow White - Fair‐Hearted,3,C+,5,Frank Karsten,
Pete - Steamboat Rival,4,C+,5,Frank Karsten,
Turbo - Royal Hack,3,C+,5,Frank Karsten,
Hypnotic Strength,4,C+,5,Frank Karsten,
Snowanna Rainbeau - Cool Competitor,3,C+,5,Frank Karsten,
Seven Dwarfs' Mine - Secure Fortress,4,C+,5,Frank Karsten,
Emerald Chromicon,3,C+,5,Frank Karsten,
Ruby Chromicon,4,C+,5,Frank Karsten,
Invited to the Ball,3,C+,5,Frank Karsten,
Yzma - Unjustly Treated,3,C+,5,Frank Karsten,
Rapunzel's Tower - Secluded Prison,4,C+,5,Frank Karsten,
Ed - Laughing Hyena,3,C+,5,Frank Karsten,
Kronk - Unlicensed Investigator,4,C+,5,Frank Karsten,
Merlin - Intellectual Visionary,3,C+,5,Frank Karsten,
You're Welcome,4,C+,5,Frank Karsten,
Ed - Hysterical Partygoer,3,C+,5,Frank Karsten,
"Fix‐It Felix, Jr. - Niceland Steward",4,C+,5,Frank Karsten,
Iago - Fake Flamingo,4,C+,5,Frank Karsten,
Scar - Betrayer,4,C+,5,Frank Karsten,
Banzai - Gluttonous Predator,3,C+,5,Frank Karsten,
Rancis Fluggerbutter - Chocolate Charger,4,C+,5,Frank Karsten,
Tuke - Northern Moose,4,C+,5,Frank Karsten,
Tug‐of‐War,4,C+,5,Frank Karsten,
Minnie Mouse - Dazzling Dancer,4,C+,5,Frank Karsten,
Cogsworth - Illuminary Watchman,4,C+,5,Frank Karsten,
Robin Hood - Sneaky Sleuth,4,C+,5,Frank Karsten,
Vanellope von Schweetz - Candy Mechanic,4,C+,5,Frank Karsten,
Maleficent - Vengeful Sorceress,4,C+,5,Frank Karsten,
Taffyta Muttonfudge - Ruthless Rival,4,C+,5,Frank Karsten,
Arthur - Wart,4,C+,5,Frank Karsten,
Mickey Mouse - Food Fight Defender,3,C,5,Frank Karsten,
Pete - Pastry Chomper,3,C,5,Frank Karsten,
Simba - Adventurous Successor,2,C,5,Frank Karsten,
Kronk - Head of Security,2,C,5,Frank Karsten,
Healing Touch,3,C,5,Frank Karsten,
Clarabelle - Clumsy Guest,3,C,5,Frank Karsten,
Merryweather - Good Fairy,3,C,5,Frank Karsten,
Minnie Mouse - Drum Major,3,C,5,Frank Karsten,
Pete - Games Referee,3,C,5,Frank Karsten,
Half Hexwell Crown,2,C,5,Frank Karsten,
Minnie Mouse - Compassionate Friend,3,C,5,Frank Karsten,
Vanellope von Schweetz - Sugar Rush Princess,3,C,5,Frank Karsten,
Chaca - Impressive Daughter,3,C,5,Frank Karsten,
Ulf - Mime,3,C,5,Frank Karsten,
Amber Chromicon,3,C,5,Frank Karsten,
Mickey Mouse - Enthusiastic Dancer,3,C,5,Frank Karsten,
Tipo - Growing Son,3,C,5,Frank Karsten,
Minnie Mouse - Quick-Thinking Inventor,2,C,5,Frank Karsten,
King of Hearts - Monarch of Wonderland,3,C,5,Frank Karsten,
Ratigan - Raging Rat,3,C,5,Frank Karsten,
Simba - Son of Mufasa,3,C,5,Frank Karsten,
Steel Chromicon,2,C,5,Frank Karsten,
Glimmer vs Glimmer,2,C,5,Frank Karsten,
Magical Aid,3,C,5,Frank Karsten,
Gazelle - Pop Star,3,C,5,Frank Karsten,
Pride Lands - Jungle Oasis,3,C,5,Frank Karsten,
Prince John - Gold Lover,3,C,5,Frank Karsten,
Robin Hood - Archery Contestant,3,C,5,Frank Karsten,
Banzai - Taunting Hyena,3,C-,5,Frank Karsten,
Healing Decanter,3,C-,5,Frank Karsten,
Sneezy - Noisy Knight,3,C-,5,Frank Karsten,
When Will My Life Begin?,3,C-,5,Frank Karsten,
Maleficent - Formidable Queen,1,C-,5,Frank Karsten,
Anna - Eager Acolyte,1,C-,5,Frank Karsten,
Donald Duck - Daisy's Date,3,C-,5,Frank Karsten,
Koda - Talkative Cub,3,C-,5,Frank Karsten,
Magica De Spell - Cruel Sorceress,3,C-,5,Frank Karsten,
Vision of the Future,3,C-,5,Frank Karsten,
Tropical Rainforest - Jaguar Lair,3,C-,5,Frank Karsten,
Taffyta Muttonfudge - Sour Speedster,3,C-,5,Frank Karsten,
Night Howler Rage,3,C-,5,Frank Karsten,
Ratigan's Party - Seedy Back Room,3,C-,5,Frank Karsten,
Prince John's Mirror,3,C-,5,Frank Karsten,
Bashful - Adoring Knight,3,C-,5,Frank Karsten,
"Fix‐It Felix, Jr. - Delighted Sightseer",3,C-,5,Frank Karsten,
Kenai - Big Brother,3,C-,5,Frank Karsten,
Lilo - Junior Cake Decorator,3,C-,5,Frank Karsten,
Pacha - Emperor's Guide,3,C-,5,Frank Karsten,
Prince John - Opportunistic Briber,3,C-,5,Frank Karsten,
Prince Naveen - Ukulele Player,1,C-,5,Frank Karsten,
Royal Guard - Bovine Protector,3,C-,5,Frank Karsten,
Tanana - Wise Woman,3,C-,5,Frank Karsten,
The Queen - Fairest of All,3,C-,5,Frank Karsten,
Wreck‐It Ralph - Demolition Dude,3,C-,5,Frank Karsten,
Alan‐a‐Dale - Rockin' Rooster,3,C-,5,Frank Karsten,
Bad‐Anon - Villain Support Center,3,C-,5,Frank Karsten,
Dopey - Knight Apprentice,3,C-,5,Frank Karsten,
Duck for Cover!,3,C-,5,Frank Karsten,
Ever as Before,3,C-,5,Frank Karsten,
Hypnotic Deduction,3,C-,5,Frank Karsten,
Retrosphere,3,C-,5,Frank Karsten,
Merlin - Back from Bermuda,3,C-,5,Frank Karsten,
Amethyst Chromicon,3,C-,5,Frank Karsten,
Arthur - Novice Sparrow,1,D,5,Frank Karsten,
Grumpy - Skeptical Knight,1,D,5,Frank Karsten,
Nala - Mischievous Cub,1,D,5,Frank Karsten,
Little John - Camp Cook,1,D,5,Frank Karsten,
Sleepy - Sluggish Knight,1,D,5,Frank Karsten,
Try Everything,1,D,5,Frank Karsten,
Elsa's Ice Palace - Place of Solitude,1,D,5,Frank Karsten,
Break Free,1,D,5,Frank Karsten,
Potion of Might,1,D,5,Frank Karsten,
Who's With Me?,1,D,5,Frank Karsten,
Sherwood Forest - Outlaw Hideaway,1,D,5,Frank Karsten,
Sheriff of Nottingham - Bushel Britches,1,D,5,Frank Karsten,
Maleficent - Vexed Partygoer,1,D,5,Frank Karsten,
Taffyta Muttonfudge - Crowd Favorite,1,D,5,Frank Karsten,
Chicha - Dedicated Mother,1,D,5,Frank Karsten,
Evil Comes Prepared,1,D,5,Frank Karsten,
Shield of Arendelle,1,D,5,Frank Karsten,
Food Fight!,1,D,5,Frank Karsten,
Kristoff - Reindeer Keeper,1,D,5,Frank Karsten,
Don't Let the Frostbite Bite,1,D,5,Frank Karsten,
The Queen - Cruelest of All,1,D,5,Frank Karsten,
Medal of Heroes,1,D,5,Frank Karsten,
Queen's Sensor Core,1,D,5,Frank Karsten,
Daisy Duck - Donald's Date,1,D,5,Frank Karsten,
The Queen - Crown of the Council,1,D,5,Frank Karsten,
Belle - Of the Ball,1,D,5,Frank Karsten,
Robin Hood - Sharpshooter,1,D,5,Frank Karsten,
Gathering Knowledge and Wisdom,0,F,5,Frank Karsten,
Basil's Magnifying Glass,1,F,5,Frank Karsten,
We Know the Way,1,F,5,Frank Karsten,
Blast From Your Past,0,F,5,Frank Karsten,
Remember Who You Are,0,F,5,Frank Karsten,
Revive,0,F,5,Frank Karsten,
Pete - Wrestling Champ,0,F,5,Frank Karsten,
Hide Away,1,F,5,Frank Karsten,
Obscurosphere,1,F,5,Frank Karsten,
The Sword Released,0,F,5,Frank Karsten,
The Great Illuminary - Radiant Ballroom,1,F,5,Frank Karsten,
Sapphire Chromicon,0,F,5,Frank Karsten,
Merlin's Cottage - The Wizard's Home,1,F,5,Frank Karsten,
All Funned Out,1,F,5,Frank Karsten,
Merlin's Carpetbag,0,F,5,Frank Karsten,
Royal Tantrum,0,F,5,Frank Karsten,
Sugar Rush Speedway - Starting Line,0,F,5,Frank Karsten,
Maui - Half‐Shark,5,A,6,Frank Karsten,
Judy Hopps - Resourceful Rabbit,5,A,6,Frank Karsten,
Baymax - Armored Companion,5,A,6,Frank Karsten,
Nani - Caring Sister,5,A,6,Frank Karsten,
Genie - Wish Fulfilled,5,A,6,Frank Karsten,
Go Go Tomago - Darting Dynamo,5,B+,6,Frank Karsten,
Calhoun - Marine Sergeant,4,B+,6,Frank Karsten,
Wendy Darling - Courageous Captain,4,B+,6,Frank Karsten,
Tinker Bell - Fast Flier,5,B+,6,Frank Karsten,
Captain Hook - Underhanded,5,B+,6,Frank Karsten,
Aladdin - Intrepid Commander,5,B+,6,Frank Karsten,
Yzma - Conniving Chemist,5,B+,6,Frank Karsten,
Markowski - Space Trooper,5,B+,6,Frank Karsten,
Pluto - Guard Dog,5,B+,6,Frank Karsten,
Gantu - Captain Crankyhead,5,B+,6,Frank Karsten,
Jim Hawkins - Rigging Specialist,4,B+,6,Frank Karsten,
Mickey Mouse - Pirate Captain,5,B+,6,Frank Karsten,
Simba - Pride Protector,4,B+,6,Frank Karsten,
Hades - Lord of the Dead,4,B+,6,Frank Karsten,
Goofy - Flying Goof,4,B+,6,Frank Karsten,
Genie - Wonderful Trickster,5,B+,6,Frank Karsten,
Jim Hawkins - Honorable Pirate,5,B+,6,Frank Karsten,
Sail The Azurite Sea,5,B+,6,Frank Karsten,
Moana - Self-Taught Sailor,4,B,6,Frank Karsten,
Lilo - Escape Artist,4,B,6,Frank Karsten,
Bellwether - Assistant Mayor,4,B,6,Frank Karsten,
Dale - Friend in Need,4,B,6,Frank Karsten,
King Hubert - Phillip's Father,4,B,6,Frank Karsten,
Owl - Pirate Lookout,4,B,6,Frank Karsten,
Pleakley - Scientific Expert,4,B,6,Frank Karsten,
Sour Bill - Surly Henchman,4,B,6,Frank Karsten,
Tadashi Hamada - Gifted Roboticist,4,B,6,Frank Karsten,
Tiana - Restaurant Owner,4,B,6,Frank Karsten,
Captain Amelia - Commander of the Legacy,4,B,6,Frank Karsten,
Dale - Mischievous Ranger,4,B,6,Frank Karsten,
Iago - Reappearing Parrot,4,B,6,Frank Karsten,
Raya - Kumandran Rider,4,B,6,Frank Karsten,
Abu - Bold Helmsman,4,B,6,Frank Karsten,
Prince Naveen - Vigilant First Mate,4,B,6,Frank Karsten,
Scar - Heartless Hunter,4,B,6,Frank Karsten,
Sisu - In Her Element,4,B,6,Frank Karsten,
Tuk Tuk - Big Buddy,4,B,6,Frank Karsten,
Tinker Bell - Queen of the Azurite Fairies,4,B,6,Frank Karsten,
Ambush!,4,B,6,Frank Karsten,
I'm Still Here,4,B,6,Frank Karsten,
Diablo - Obedient Raven,4,B-,6,Frank Karsten,
Michael Darling - Playful Swordsman,4,B-,6,Frank Karsten,
Tootles - Lost Boy,4,B-,6,Frank Karsten,
Yokai - Professor Callaghan,4,B-,6,Frank Karsten,
Rafiki - Shaman of the Savanna,4,B-,6,Frank Karsten,
Madam Mim - Tiny Adversary,4,B-,6,Frank Karsten,
Basil - Hypnotized Mouse,4,B-,6,Frank Karsten,
Jasmine - Rebellious Princess,4,B-,6,Frank Karsten,
Jasmine - Royal Seafarer,4,B-,6,Frank Karsten,
John Silver - Ship's Cook,4,B-,6,Frank Karsten,
Zipper - Astute Decoy,4,B-,6,Frank Karsten,
B.E.N. - Eccentric Robot,4,B-,6,Frank Karsten,
Chip - Ranger Leader,4,B-,6,Frank Karsten,
The Walrus - Greedy Gourmand,4,B-,6,Frank Karsten,
Cobra Bubbles - Former CIA,4,B-,6,Frank Karsten,
Mama Odie - Solitary Sage,3,B-,6,Frank Karsten,
Mullins - Seasoned Shipmate,4,B-,6,Frank Karsten,
Mr. Smee - Captain of the Jolly Roger,3,B-,6,Frank Karsten,
Scar - Tempestuous Lion,3,B-,6,Frank Karsten,
Wreck-It Ralph - Ham Hands,3,B-,6,Frank Karsten,
Peter Pan - Never Land Prankster,4,B-,6,Frank Karsten,
John Silver - Stern Captain,4,B-,6,Frank Karsten,
Energy Blast,3,B-,6,Frank Karsten,
Heffalumps and Woozles,4,B-,6,Frank Karsten,
Twin Fire,3,B-,6,Frank Karsten,
Fred - Mascot by Day,4,C+,6,Frank Karsten,
Mertle Edmonds - Lilo's Rival,4,C+,6,Frank Karsten,
Aladdin - Fearless Navigator,4,C+,6,Frank Karsten,
Gadget Hackwrench - Perceptive Mouse,4,C+,6,Frank Karsten,
Kohut - Trusted Marine,4,C+,6,Frank Karsten,
Prince Naveen - Carefree Explorer,4,C+,6,Frank Karsten,
Mr. Arrow - Legacy's First Mate,4,C+,6,Frank Karsten,
Mr. Smee - Steadfast Mate,4,C+,6,Frank Karsten,
Roo - Littlest Pirate,4,C+,6,Frank Karsten,
Winnie the Pooh - Hunny Pirate,3,C+,6,Frank Karsten,
Mr. Litwak - Arcade Owner,4,C+,6,Frank Karsten,
Tigger - In the Crow's Nest,4,C+,6,Frank Karsten,
Chief Bogo - Gazelle Fan,4,C+,6,Frank Karsten,
Dawson - Basil's Assistant,4,C+,6,Frank Karsten,
Dr. Delbert Doppler - Fussy Astronomer,4,C+,6,Frank Karsten,
Hiro Hamada - Team Leader,4,C+,6,Frank Karsten,
Wasabi - Methodical Engineer,4,C+,6,Frank Karsten,
Hades - Strong Arm,3,C+,6,Frank Karsten,
Basil - Disguised Detective,4,C+,6,Frank Karsten,
Gadget Hackwrench - Brilliant Bosun,4,C+,6,Frank Karsten,
Jasmine - Royal Commodore,4,C+,6,Frank Karsten,
Yokai - Scientific Supervillain,4,C+,6,Frank Karsten,
Helping Hand,3,C+,6,Frank Karsten,
Hot Potato,4,C+,6,Frank Karsten,
Unfortunate Situation,4,C+,6,Frank Karsten,
Longboat,3,C+,6,Frank Karsten,
Pixie Dust,3,C+,6,Frank Karsten,
Scrump,4,C+,6,Frank Karsten,
Gazelle - Angel with Horns,3,C,6,Frank Karsten,
HeiHei - Not-So-Tricky Chicken,3,C,6,Frank Karsten,
Honey Lemon - Chemical Genius,3,C,6,Frank Karsten,
Juju - Mama Odie's Companion,3,C,6,Frank Karsten,
Stitch - Little Trickster,3,C,6,Frank Karsten,
Alice - Savvy Sailor,2,C,6,Frank Karsten,
Baymax - Personal Healthcare Companion,3,C,6,Frank Karsten,
Chip - Friend Indeed,3,C,6,Frank Karsten,
Genie - Excited Shipbuilder,3,C,6,Frank Karsten,
Kanga - Nurturing Mother,2,C,6,Frank Karsten,
Magic Carpet - Amazing Flier,3,C,6,Frank Karsten,
Pete - Freebooter,3,C,6,Frank Karsten,
The White Rose - Jewel of the Garden,3,C,6,Frank Karsten,
Daisy Duck - Pirate Captain,3,C,6,Frank Karsten,
Gopher - Ship's Carpenter,3,C,6,Frank Karsten,
Hercules - Unwavering Demigod,3,C,6,Frank Karsten,
John Silver - Ferocious Friend,2,C,6,Frank Karsten,
March Hare - Absurd Host,3,C,6,Frank Karsten,
Kakamora - Boarding Party,2,C,6,Frank Karsten,
Hercules - Baby Demigod,2,C,6,Frank Karsten,
Tadashi Hamada - Baymax Inventor,3,C,6,Frank Karsten,
Kakamora - Pirate Chief,2,C,6,Frank Karsten,
Chip 'N' Dale - Recovery Rangers,2,C,6,Frank Karsten,
Lead the Way,3,C,6,Frank Karsten,
Lose the Way,3,C,6,Frank Karsten,
Making Magic,3,C,6,Frank Karsten,
Megabot,2,C,6,Frank Karsten,
Rescue Rangers Away!,3,C,6,Frank Karsten,
Skull Rock - Isolated Fortress,3,C,6,Frank Karsten,
Galactic Council Chamber - Courtroom,3,C,6,Frank Karsten,
Mad Hatter - Eccentric Host,3,C-,6,Frank Karsten,
Nick Wilde - Soggy Fox,3,C-,6,Frank Karsten,
Rabbit - Indignant Pirate,3,C-,6,Frank Karsten,
Kakamora - Pirate Pitcher,3,C-,6,Frank Karsten,
Aunt Cass - Biggest Fan,3,C-,6,Frank Karsten,
Grand Councilwoman - Federation Leader,3,C-,6,Frank Karsten,
Hiram Flaversham - Intrigued Inventor,1,C-,6,Frank Karsten,
Olivia Flaversham - The Toymaker's Daughter,1,C-,6,Frank Karsten,
John Darling - Sophisticated Swordsman,3,C-,6,Frank Karsten,
Jim Hawkins - Stubborn Cabin Boy,3,C-,6,Frank Karsten,
Oswald - The Lucky Rabbit,1,C-,6,Frank Karsten,
Simba - Happy-Go-Lucky,3,C-,6,Frank Karsten,
The Carpenter - Dinner Companion,3,C-,6,Frank Karsten,
Adorabeezle Winterpop - Ice Rocket Racer,3,C-,6,Frank Karsten,
Alistair Krei - Ambitious Entrepreneur,3,C-,6,Frank Karsten,
Billy Bones - Space Sailor,3,C-,6,Frank Karsten,
David - Impressive Surfer,3,C-,6,Frank Karsten,
Donald Duck - First Mate,3,C-,6,Frank Karsten,
Mickey Mouse - Courageous Sailor,3,C-,6,Frank Karsten,
Mickey Mouse - Night Watch,3,C-,6,Frank Karsten,
Nick Wilde - Sly Fox,3,C-,6,Frank Karsten,
Prince Phillip - Royal Explorer,3,C-,6,Frank Karsten,
Vanellope von Schweetz - Gutsy Go-Getter,3,C-,6,Frank Karsten,
Heathcliff - Stoic Butler,3,C-,6,Frank Karsten,
Monterey Jack - Good-Hearted Ranger,3,C-,6,Frank Karsten,
Mr. Big - Shrewd Tycoon,1,C-,6,Frank Karsten,
Peter Pan - Shadow Catcher,1,C-,6,Frank Karsten,
Stitch - Alien Buccaneer,1,C-,6,Frank Karsten,
Yokai - Enigmatic Inventor,3,C-,6,Frank Karsten,
Goofy - Expert Shipwright,3,C-,6,Frank Karsten,
Jafar - Power-Hungry Vizier,1,C-,6,Frank Karsten,
Moana - Kakamora Leader,3,C-,6,Frank Karsten,
Mosquito Bite,3,C-,6,Frank Karsten,
Prepare to Board!,3,C-,6,Frank Karsten,
You Came Back,1,C-,6,Frank Karsten,
We Could Be Immortals,3,C-,6,Frank Karsten,
Jumbo Pop,1,C-,6,Frank Karsten,
Fairy Ship - Royal Vessel,3,C-,6,Frank Karsten,
Institute of Technology - Prestigious University,3,C-,6,Frank Karsten,
Perilous Maze - Watery Labyrinth,3,C-,6,Frank Karsten,
Rescue Rangers Submarine - Mobile Headquarters,3,C-,6,Frank Karsten,
Kakamora - Long-Range Specialist,1,D,6,Frank Karsten,
Gadget Hackwrench - Creative Thinker,1,D,6,Frank Karsten,
Hiro Hamada - Robotics Prodigy,1,D,6,Frank Karsten,
Madam Mim - Truly Marvelous,1,D,6,Frank Karsten,
Minnie Mouse - Pirate Lookout,1,D,6,Frank Karsten,
Sisu - Uniting Dragon,1,D,6,Frank Karsten,
Rafiki - Ethereal Guide,1,D,6,Frank Karsten,
Bend to My Will,1,D,6,Frank Karsten,
I Won't Give In,1,D,6,Frank Karsten,
Seeking the Half Crown,1,D,6,Frank Karsten,
Thievery,1,D,6,Frank Karsten,
Baymax's Healthcare Chip,1,D,6,Frank Karsten,
Card Soldier's Spear,1,D,6,Frank Karsten,
Galactic Communicator,1,D,6,Frank Karsten,
Gold Coin,1,D,6,Frank Karsten,
King's Sensor Core,1,D,6,Frank Karsten,
Microbots,1,D,6,Frank Karsten,
Pooh Pirate Ship,1,D,6,Frank Karsten,
Training Dummy,1,D,6,Frank Karsten,
Hundred Acre Island - Pooh's Home,1,D,6,Frank Karsten,
Mystical Tree - Mama Odie's Home,1,D,6,Frank Karsten,
Treasure Mountain - Azurite Sea Island,1,D,6,Frank Karsten,
A Very Merry Unbirthday,1,F,6,Frank Karsten,
Good Job!,1,F,6,Frank Karsten,
Prepare Your Bot,1,F,6,Frank Karsten,
Safe and Sound,0,F,6,Frank Karsten,
The Islands I Pulled From The Sea,0,F,6,Frank Karsten,
Naveen's Ukulele,1,F,6,Frank Karsten,
Transport Pod,1,F,6,Frank Karsten,
Mad Hatter's Teapot,1,F,6,Frank Karsten,
Maleficent's Staff,1,F,6,Frank Karsten,
Sunglasses,1,F,6,Frank Karsten,
Flotilla - Coconut Armada,0,F,6,Frank Karsten,
Owl Island - Secluded Entrance,0,F,6,Frank Karsten,
Sugar Rush Speedway - Finish Line,0,F,6,Frank Karsten,
Iago - Giant Spectral Parrot,5,A,7,Frank Karsten,
Mushu - Majestic Dragon,5,A,7,Frank Karsten,
Lady - Miss Park Avenue,5,A,7,Frank Karsten,
Bagheera - Guardian Jaguar,5,A,7,Frank Karsten,
Rhino - Motivational Speaker,5,A,7,Frank Karsten,
Hades - Fast Talker,5,A,7,Frank Karsten,
Perla - Nimble Seamstress,5,B+,7,Frank Karsten,
Giant Cobra - Ghostly Serpent,5,B+,7,Frank Karsten,
Snow White - Fairest in the Land,5,B+,7,Frank Karsten,
Pascal - Garden Chameleon,4,B+,7,Frank Karsten,
Fidget - Sneaky Bat,5,B+,7,Frank Karsten,
Thunderbolt - Wonder Dog,5,B+,7,Frank Karsten,
Miss Bianca - Unwavering Agent,5,B+,7,Frank Karsten,
Madam Mim - Cheating Spellcaster,5,B+,7,Frank Karsten,
Pete - Space Pirate,5,B+,7,Frank Karsten,
Mad Hatter - Unruly Eccentric,5,B+,7,Frank Karsten,
Mufasa - Among the Stars,5,B+,7,Frank Karsten,
Wendy Darling - Pirate Queen,5,B+,7,Frank Karsten,
Mulan - Imperial General,5,B+,7,Frank Karsten,
Mulan - Disguised Soldier,4,B,7,Frank Karsten,
Rajah - Ghostly Tiger,4,B,7,Frank Karsten,
Kenai - Magical Bear,4,B,7,Frank Karsten,
Mariano Guzman - Handsome Suitor,4,B,7,Frank Karsten,
Bucky - Nutty Rascal,4,B,7,Frank Karsten,
Jafar - Aspiring Ruler,4,B,7,Frank Karsten,
Anastasia - Bossy Stepsister,4,B,7,Frank Karsten,
Panic - High‐Strung Imp,4,B,7,Frank Karsten,
Gizmoduck - Suited Up,4,B,7,Frank Karsten,
Moana - Island Explorer,4,B,7,Frank Karsten,
Jebidiah Farnsworth - Expedition Cook,4,B,7,Frank Karsten,
Shere Khan - Infamous Tiger,4,B,7,Frank Karsten,
Bolt - Superdog,4,B,7,Frank Karsten,
Lady Kluck - Protective Confidant,4,B,7,Frank Karsten,
Sven - Keen‐Eyed Reindeer,4,B,7,Frank Karsten,
Isabela Madrigal - In the Moment,4,B,7,Frank Karsten,
Jasmine - Inspired Researcher,4,B,7,Frank Karsten,
Mittens - Sassy Street Cat,4,B,7,Frank Karsten,
Te Kā - Lava Monster,4,B,7,Frank Karsten,
Wreck-It Ralph - Hero's Duty,4,B,7,Frank Karsten,
Baymax - Giant Robot,4,B,7,Frank Karsten,
Basil - Secret Informer,4,B,7,Frank Karsten,
Yzma - Above It All,4,B,7,Frank Karsten,
Goofy - Extreme Athlete,4,B,7,Frank Karsten,
Card Soldiers - Royal Troops,4,B-,7,Frank Karsten,
HeiHei - Rambling Rooster,4,B-,7,Frank Karsten,
Diablo - Spiteful Raven,4,B-,7,Frank Karsten,
Baymax - Low Battery,4,B-,7,Frank Karsten,
Robin Hood - Eye for Detail,4,B-,7,Frank Karsten,
Gaetan Moliere - The Mole,4,B-,7,Frank Karsten,
Mother Gothel - Vain Sorceress,4,B-,7,Frank Karsten,
The Queen - Jealous Beauty,4,B-,7,Frank Karsten,
Kuzco - Panicked Llama,3,B-,7,Frank Karsten,
Beagle Boys - Small‐Time Crooks,4,B-,7,Frank Karsten,
Dr. Calico - Green‐Eyed Man,4,B-,7,Frank Karsten,
Anna - Ice Breaker,4,B-,7,Frank Karsten,
Stabbington Brother - Without a Patch,3,B-,7,Frank Karsten,
Kida - Creative Thinker,4,B-,7,Frank Karsten,
Kuzco - Temporary Whale,3,B-,7,Frank Karsten,
King Stefan - New Father,4,B-,7,Frank Karsten,
Cheshire Cat - Perplexing Feline,4,B-,7,Frank Karsten,
Tick‐Tock - Relentless Crocodile,4,B-,7,Frank Karsten,
Tweedle Dee & Tweedle Dum - Strange Storytellers,4,B-,7,Frank Karsten,
Edgar Balthazar - Ambitious Butler,4,B-,7,Frank Karsten,
Calhoun - Courageous Rescuer,4,B-,7,Frank Karsten,
Pongo - Dear Old Dad,3,B-,7,Frank Karsten,
Tramp - Street‐Smart Dog,4,B-,7,Frank Karsten,
Hiro Hamada - Armor Designer,4,B-,7,Frank Karsten,
Donald Duck - Flustered Sorcerer,3,B-,7,Frank Karsten,
John Silver - Vengeful Pirate,4,B-,7,Frank Karsten,
Restoring the Heart,4,B-,7,Frank Karsten,
Restoring the Crown,3,B-,7,Frank Karsten,
Pain - Impudent Imp,4,C+,7,Frank Karsten,
Toulouse - Artistic Kitten,4,C+,7,Frank Karsten,
Toby - Dogged Companion,3,C+,7,Frank Karsten,
Yzma - Transformed Kitten,4,C+,7,Frank Karsten,
Tramp - Enterprising Dog,4,C+,7,Frank Karsten,
Mickey Mouse - Inspirational Warrior,3,C+,7,Frank Karsten,
Trusty - Loyal Bloodhound,4,C+,7,Frank Karsten,
Penny - Bolt's Person,4,C+,7,Frank Karsten,
Elsa - Trusted Sister,4,C+,7,Frank Karsten,
Queen of Hearts - Losing Her Temper,4,C+,7,Frank Karsten,
Cy‐Bug - Invasive Enemy,4,C+,7,Frank Karsten,
The Phantom Blot - Shadowy Figure,3,C+,7,Frank Karsten,
Mattias - Arendelle General,4,C+,7,Frank Karsten,
Marie - Favored Kitten,4,C+,7,Frank Karsten,
Denahi - Impatient Hunter,4,C+,7,Frank Karsten,
Mirabel Madrigal - Hopeful Dreamer,4,C+,7,Frank Karsten,
Calhoun - Battle-Tested,4,C+,7,Frank Karsten,
Koda - Smallish Bear,4,C+,7,Frank Karsten,
Peg - Natural Performer,4,C+,7,Frank Karsten,
Raya - Guidance Seeker,4,C+,7,Frank Karsten,
Pepper - Quick‐Thinking Puppy,4,C+,7,Frank Karsten,
Treasure Guardian - Foreboding Sentry,4,C+,7,Frank Karsten,
Kenai - Protective Brother,4,C+,7,Frank Karsten,
King of Hearts - Picky Ruler,3,C+,7,Frank Karsten,
Clarabelle - News Reporter,4,C+,7,Frank Karsten,
Scrooge McDuck - Resourceful Miser,4,C+,7,Frank Karsten,
Aladdin - Research Assistant,3,C+,7,Frank Karsten,
Bolt - Dependable Friend,4,C+,7,Frank Karsten,
Maid Marian - Badminton Ace,4,C+,7,Frank Karsten,
Chernabog - Creature of the Night,3,C+,7,Frank Karsten,
Baymax - Upgraded Robot,4,C+,7,Frank Karsten,
"Fix‐It Felix, Jr. - Pint‐Sized Hero",4,C+,7,Frank Karsten,
Stabbington Brother - With a Patch,4,C+,7,Frank Karsten,
Tamatoa - Happy as a Clam,4,C+,7,Frank Karsten,
Mirabel Madrigal - Musically Talented,4,C+,7,Frank Karsten,
Elsa - Ice Maker,3,C+,7,Frank Karsten,
So Much to Give,4,C+,7,Frank Karsten,
Training Staff,4,C+,7,Frank Karsten,
Sapphire Coil,4,C+,7,Frank Karsten,
Ruby Coil,4,C+,7,Frank Karsten,
Double Trouble,4,C+,7,Frank Karsten,
Out of Order,3,C,7,Frank Karsten,
Candlehead - Dedicated Racer,3,C,7,Frank Karsten,
Freckles - Good Boy,3,C,7,Frank Karsten,
Akela - Wolf Pack Elder,3,C,7,Frank Karsten,
Duchess - Elegant Feline,3,C,7,Frank Karsten,
Sir Kay - Unruly Knight,3,C,7,Frank Karsten,
Helga Sinclair - Tough as Nails,2,C,7,Frank Karsten,
Grandmother Fa - Spirited Elder,3,C,7,Frank Karsten,
Milo Thatch - Undaunted Scholar,3,C,7,Frank Karsten,
Yzma - Exasperated Schemer,3,C,7,Frank Karsten,
Li Shang - Newly Promoted,2,C,7,Frank Karsten,
Kashekim - Ancient Ruler,3,C,7,Frank Karsten,
Fa Zhou - War Hero,3,C,7,Frank Karsten,
Orville - Albatross Air,3,C,7,Frank Karsten,
Berlioz - Mischievous Kitten,3,C,7,Frank Karsten,
Pacha - Trekmate,3,C,7,Frank Karsten,
Mufasa - Respected King,3,C,7,Frank Karsten,
Tanana - Tribal Elder,3,C,7,Frank Karsten,
Drizella - Spoiled Stepsister,3,C,7,Frank Karsten,
Suzy - Master Seamstress,3,C,7,Frank Karsten,
The Matchmaker - Unforgiving Expert,3,C,7,Frank Karsten,
Jafar - Newly Crowned,3,C,7,Frank Karsten,
Kronk - Laid Back,2,C,7,Frank Karsten,
Queen of Hearts - Unpredictable Bully,2,C,7,Frank Karsten,
Beast - Frustrated Designer,2,C,7,Frank Karsten,
Pete - Pirate Scoundrel,3,C-,7,Frank Karsten,
Monsieur D'Arque - Despicable Proprietor,3,C-,7,Frank Karsten,
Roger Radcliffe - Dog Lover,3,C-,7,Frank Karsten,
Penny the Orphan - Clever Child,3,C-,7,Frank Karsten,
Grewnge - Cannon Expert,3,C-,7,Frank Karsten,
Honeymaren - Northuldra Guide,3,C-,7,Frank Karsten,
Honey Lemon - Chemistry Whiz,3,C-,7,Frank Karsten,
Bolt - Headstrong Dog,3,C-,7,Frank Karsten,
The Troubadour - Musical Narrator,3,C-,7,Frank Karsten,
Archimedes - Exceptional Owl,3,C-,7,Frank Karsten,
Cogsworth - Climbing Clock,3,C-,7,Frank Karsten,
Hiro Hamada - Future Champion,3,C-,7,Frank Karsten,
Belle - Apprentice Inventor,3,C-,7,Frank Karsten,
Thomas O'Malley - Feline Charmer,3,C-,7,Frank Karsten,
Aurora - Waking Beauty,3,C-,7,Frank Karsten,
Moana - Adventurer of Land and Sea,3,C-,7,Frank Karsten,
Cinderella - The Right One,3,C-,7,Frank Karsten,
Pepa Madrigal - Sensitive Sister,3,C-,7,Frank Karsten,
Madame Medusa - Diamond Lover,3,C-,7,Frank Karsten,
Maurice - Unconventional Inventor,3,C-,7,Frank Karsten,
Perdita - Playful Mother,3,C-,7,Frank Karsten,
Ratigan - Nefarious Criminal,3,C-,7,Frank Karsten,
Kakamora - Band of Pirates,3,C-,7,Frank Karsten,
HeiHei - Expanded Consciousness,3,C-,7,Frank Karsten,
Lady Tremaine - Bitterly Jealous,1,C-,7,Frank Karsten,
Baloo - Ol' Iron Paws,1,C-,7,Frank Karsten,
He's a Tramp,3,C-,7,Frank Karsten,
This Is My Family,1,C-,7,Frank Karsten,
Magical Maneuvers,3,C-,7,Frank Karsten,
All Is Found,3,C-,7,Frank Karsten,
Restoring Atlantis,1,C-,7,Frank Karsten,
Amber Coil,3,C-,7,Frank Karsten,
Amethyst Coil,1,C-,7,Frank Karsten,
Dawson - Puzzling Sleuth,1,D,7,Frank Karsten,
Dolores Madrigal - Within Earshot,1,D,7,Frank Karsten,
Merlin - Clever Clairvoyant,1,D,7,Frank Karsten,
Minnie Mouse - Storyteller,1,D,7,Frank Karsten,
Donald Duck - Lively Pirate,1,D,7,Frank Karsten,
The Prince - Vigilant Suitor,1,D,7,Frank Karsten,
Razoul - Menacing Guard,1,D,7,Frank Karsten,
Yokai - Intellectual Schemer,1,D,7,Frank Karsten,
Mr. Smee - Efficient Captain,1,D,7,Frank Karsten,
Lucky - Runt of the Litter,1,D,7,Frank Karsten,
King Candy - Royal Racer,1,D,7,Frank Karsten,
Gantu - Experienced Enforcer,1,D,7,Frank Karsten,
Daisy Duck - Multitalented Pirate,1,D,7,Frank Karsten,
Lyle Tiberius Rourke - Crystallized Mercenary,1,D,7,Frank Karsten,
Belle - Mechanic Extraordinaire,1,D,7,Frank Karsten,
Te Kā - Elemental Terror,1,D,7,Frank Karsten,
"Wake Up, Alice!",1,D,7,Frank Karsten,
We've Got Company!,1,D,7,Frank Karsten,
The Return of Hercules,1,D,7,Frank Karsten,
The Family Madrigal,1,D,7,Frank Karsten,
Kanine Krunchies,1,D,7,Frank Karsten,
Unconventional Tool,1,D,7,Frank Karsten,
Emerald Coil,1,D,7,Frank Karsten,
Spaghetti Dinner,1,D,7,Frank Karsten,
Devil's Eye Diamond,1,D,7,Frank Karsten,
Maurice's Machine,1,D,7,Frank Karsten,
Baymax's Charging Station,1,D,7,Frank Karsten,
Ink Geyser,0,F,7,Frank Karsten,
Steel Coil,0,F,7,Frank Karsten,
Lady - Elegant Spaniel,0,F,7,Frank Karsten,
Tuk Tuk - Disarmingly Cute,0,F,7,Frank Karsten,
The Glass Slipper,0,F,7,Frank Karsten,
Show Me More!,0,F,7,Frank Karsten,
Water Has Memory,0,F,7,Frank Karsten,
Triton's Daughters - Discordant Chorus,5,A,Q1,CityNoise,
Prince Eric - Grim Groom,5,A,Q1,CityNoise,
Bruno Madrigal - Unspeakable Seer,5,A,Q1,CityNoise,
Gaston - Egotistical Bully,5,A,Q1,CityNoise,
Mad Hatter - Sinister Host,5,A,Q1,CityNoise,
Jetsam - Wicked Whisperer,5,A,Q1,CityNoise,
Magica De Spell - Shadowy Sorceress,5,A,Q1,CityNoise,
Flotsam - Wicked Defender,5,A,Q1,CityNoise,
Tamatoa - Grabby Crab,5,A,Q1,CityNoise,
Shark - Toothy Terror,5,A,Q1,CityNoise,
Anna - Ensnared Sister,5,A,Q1,CityNoise,
Minnie Mouse - Wild-Eyed Diver,5,A,Q1,CityNoise,
Lash Out,5,A,Q1,CityNoise,
Lightning Storm,4,B-,Q1,CityNoise,
Choppy Waters,4,B,Q1,CityNoise,
Entangling Magic,5,A,Q1,CityNoise,
Tentacle Swipe,5,A,Q1,CityNoise,
Capsize,5,A,Q1,CityNoise,
Whirlpool,5,A,Q1,CityNoise,
Crushing Wave,5,A,Q1,CityNoise,
Typhoon,5,A,Q1,CityNoise,
Riptide,5,A,Q1,CityNoise,
Ursula's Stolen Trident,5,A,Q1,CityNoise,
Ursula's Contract,5,A,Q1,CityNoise,
The Hexwell Crown,5,A,Q1,CityNoise,
Tsunami,5,A,Q1,CityNoise,
Hercules - Manipulated Hero,5,B+,Q1,CityNoise,
Rhino - Power Hamster,5,A,8,Frank Karsten,
Rapunzel - High Climber,5,A,8,Frank Karsten,
Mushu - Your Worst Nightmare,5,A,8,Frank Karsten,
Raya - Infiltration Expert,5,A,8,Frank Karsten,
Maui - Stubborn Trickster,5,A,8,Frank Karsten,
Tramp - Dapper Rascal,5,A,8,Frank Karsten,
Blue Fairy - Guiding Light,5,B+,8,Frank Karsten,
Gyro Gearloose - Eccentric Inventor,5,B+,8,Frank Karsten,
Lena Sabrewing - Pure Energy,5,B+,8,Frank Karsten,
Pinocchio - Strings Attached,5,B+,8,Frank Karsten,
Stitch - Alien Troublemaker,5,B+,8,Frank Karsten,
Go Go Tomago - Cutting Edge,4,B+,8,Frank Karsten,
Minnie Mouse - Daring Defender,5,B+,8,Frank Karsten,
Monterey Jack - Defiant Protector,5,B+,8,Frank Karsten,
Magica De Spell - Shadow Form,4,B+,8,Frank Karsten,
Namaari - Single‐Minded Rival,5,B+,8,Frank Karsten,
Calhoun - Hard‐Nosed Leader,5,B+,8,Frank Karsten,
Camilo Madrigal - Center Stage,5,B+,8,Frank Karsten,
Into the Unknown,5,B+,8,Frank Karsten,
Vanellope von Schweetz - Spunky Speedster,4,B,8,Frank Karsten,
Tipo - Junior Chipmunk,4,B,8,Frank Karsten,
Huey - Reliable Leader,4,B,8,Frank Karsten,
Louis - Endearing Alligator,4,B,8,Frank Karsten,
Snoops - Betrayed Partner,4,B,8,Frank Karsten,
Genie - Satisfied Dragon,4,B,8,Frank Karsten,
Yelana - Northuldra Leader,4,B,8,Frank Karsten,
Pua - Protective Pig,4,B,8,Frank Karsten,
Faline - Playful Fawn,4,B,8,Frank Karsten,
Kaa - Hypnotizing Python,4,B,8,Frank Karsten,
March Hare - Hare‐Brained Eccentric,4,B,8,Frank Karsten,
Ryder - Fleet‐Footed Infiltrator,4,B,8,Frank Karsten,
Chip - Quick Thinker,4,B,8,Frank Karsten,
Goofy - Groundbreaking Chef,4,B,8,Frank Karsten,
Captain Hook - The Pirate King,4,B,8,Frank Karsten,
Lilo - Causing an Uproar,4,B,8,Frank Karsten,
The Sultan - Royal Apparition,4,B,8,Frank Karsten,
Lumiere - Fired Up,4,B,8,Frank Karsten,
Wasabi - Always Prepared,4,B,8,Frank Karsten,
Darling Dear - Beloved Wife,4,B,8,Frank Karsten,
Arianna - Queen of Corona,4,B,8,Frank Karsten,
Aladdin - Vigilant Guard,4,B,8,Frank Karsten,
Anna - Magical Mission,4,B,8,Frank Karsten,
Pluto - Tried and True,4,B,8,Frank Karsten,
Vincenzo Santorini - The Explosives Expert,4,B,8,Frank Karsten,
Basil - Undercover Detective,4,B,8,Frank Karsten,
Desperate Plan,4,B,8,Frank Karsten,
Beyond the Horizon,4,B,8,Frank Karsten,
Nothing We Won't Do,4,B,8,Frank Karsten,
Fantastical and Magical,4,B,8,Frank Karsten,
Olaf - Recapping the Story,4,B-,8,Frank Karsten,
Captain Hook - Forceful Duelist,4,B-,8,Frank Karsten,
Tinker Bell - Insistent Fairy,4,B-,8,Frank Karsten,
The Coachman - Greedy Deceiver,4,B-,8,Frank Karsten,
Bernard - Over‐Prepared,3,B-,8,Frank Karsten,
Don Karnage - Air Pirate Leader,3,B-,8,Frank Karsten,
Wilhelmina Packard - The Radio Operator,4,B-,8,Frank Karsten,
Poe De Spell - Magica's Brother,4,B-,8,Frank Karsten,
Rolly - Chubby Puppy,4,B-,8,Frank Karsten,
Elsa - Fierce Protector,4,B-,8,Frank Karsten,
Gadget Hackwrench - Quirky Scientist,4,B-,8,Frank Karsten,
Jasmine - Steady Strategist,4,B-,8,Frank Karsten,
Jafar - High Sultan of Lorcana,3,B-,8,Frank Karsten,
Alice - Clumsy as Can Be,4,B-,8,Frank Karsten,
Chief Bogo - Commanding Officer,4,B-,8,Frank Karsten,
Perdita - Determined Mother,4,B-,8,Frank Karsten,
Alma Madrigal - Accepting Grandmother,4,B-,8,Frank Karsten,
Honest John - Shameless Schemer,4,B-,8,Frank Karsten,
Atitaya - Fang General,4,B-,8,Frank Karsten,
Fred - Giant‐Sized,4,B-,8,Frank Karsten,
Quick Shot,3,B-,8,Frank Karsten,
Pull the Lever!,4,B-,8,Frank Karsten,
They Never Come Back,4,B-,8,Frank Karsten,
Everybody's Got a Weakness,4,B-,8,Frank Karsten,
Forest Duel,4,B-,8,Frank Karsten,
Get Out!,3,B-,8,Frank Karsten,
Bill the Lizard - Chimney Sweep,4,C+,8,Frank Karsten,
Palace Guard - Spectral Sentry,4,C+,8,Frank Karsten,
Friend Owl - Cantankerous Neighbor,4,C+,8,Frank Karsten,
Bambi - Prince of the Forest,4,C+,8,Frank Karsten,
Dormouse - Easily Agitated,4,C+,8,Frank Karsten,
Mother Gothel - Knows What's Best,3,C+,8,Frank Karsten,
Ludwig von Drake - All‐Around Expert,3,C+,8,Frank Karsten,
Jiminy Cricket - Level‐Headed and Wise,4,C+,8,Frank Karsten,
Adelaide Bonfamille - Patron of the Arts,4,C+,8,Frank Karsten,
Dalmatian Puppy - Tail Wagger,4,C+,8,Frank Karsten,
Nathaniel Flint - Notorious Pirate,4,C+,8,Frank Karsten,
Flower - Shy Skunk,4,C+,8,Frank Karsten,
Zipper - Flying Ranger,4,C+,8,Frank Karsten,
General Li - Head of the Imperial Army,4,C+,8,Frank Karsten,
Louie - One Cool Duck,4,C+,8,Frank Karsten,
Madam Mim - Up to No Good,4,C+,8,Frank Karsten,
Vinnie - Green Pigeon,3,C+,8,Frank Karsten,
Bolt - Down but Not Out,4,C+,8,Frank Karsten,
Madame Medusa - Deceiving Partner,4,C+,8,Frank Karsten,
Flynn Rider - Breaking and Entering,3,C+,8,Frank Karsten,
Jock - Attentive Uncle,4,C+,8,Frank Karsten,
Bruno Madrigal - Single‐Minded,4,C+,8,Frank Karsten,
Brutus - Fearsome Crocodile,4,C+,8,Frank Karsten,
Mulan - Charging Ahead,3,C+,8,Frank Karsten,
Cri‐Kee - Part of the Team,4,C+,8,Frank Karsten,
Nani - Heist Mastermind,4,C+,8,Frank Karsten,
Iago - Out of Reach,4,C+,8,Frank Karsten,
Abu - Illusory Pachyderm,4,C+,8,Frank Karsten,
Hades - Ruthless Tyrant,3,C+,8,Frank Karsten,
Kuzco - Impulsive Llama,4,C+,8,Frank Karsten,
Light the Fuse,3,C+,8,Frank Karsten,
Candy Drift,4,C+,8,Frank Karsten,
Pouncing Practice,4,C+,8,Frank Karsten,
Undermine,4,C+,8,Frank Karsten,
Heads Held High,4,C+,8,Frank Karsten,
It Means No Worries,3,C+,8,Frank Karsten,
Atlantean Crystal,4,C+,8,Frank Karsten,
Hamster Ball,3,C+,8,Frank Karsten,
Royal Guard - Octopus Soldier,3,C,8,Frank Karsten,
Rhino - One‐Sixteenth Wolf,3,C,8,Frank Karsten,
Jasmine - Resourceful Infiltrator,3,C,8,Frank Karsten,
Charlotte La Bouff - Mardi Gras Princess,3,C,8,Frank Karsten,
Dale - Bumbler,3,C,8,Frank Karsten,
Nero - Fearsome Crocodile,2,C,8,Frank Karsten,
Megara - Part of the Plan,3,C,8,Frank Karsten,
Mushu - Fast‐Talking Dragon,3,C,8,Frank Karsten,
Wreck‐It Ralph - Back Seat Driver,3,C,8,Frank Karsten,
Bobby - Purple Pigeon,3,C,8,Frank Karsten,
Archimedes - Resourceful Owl,3,C,8,Frank Karsten,
Fred - Major Science Enthusiast,3,C,8,Frank Karsten,
Prince John - Fraidy‐Cat,2,C,8,Frank Karsten,
Anita Radcliffe - Dog Lover,3,C,8,Frank Karsten,
King Candy - Sugar Rush Nightmare,3,C,8,Frank Karsten,
Lady - Family Dog,3,C,8,Frank Karsten,
Magic Carpet - Phantom Rug,3,C,8,Frank Karsten,
Clawhauser - Front Desk Officer,3,C,8,Frank Karsten,
The Mouse Queen - Ruler of Mousedom,3,C,8,Frank Karsten,
Napoleon - Clever Bloodhound,3,C,8,Frank Karsten,
Khan - War Horse,3,C,8,Frank Karsten,
Jumba Jookiba - Critical Scientist,3,C,8,Frank Karsten,
Dewey - Lovable Showoff,3,C,8,Frank Karsten,
Gaston - Arrogant Showoff,3,C,8,Frank Karsten,
Mad Dog - Karnage's First Mate,3,C,8,Frank Karsten,
Queen of Hearts - Haughty Monarch,3,C,8,Frank Karsten,
The Colonel - Old Sheepdog,3,C,8,Frank Karsten,
Geppetto - Skilled Craftsman,3,C,8,Frank Karsten,
Lafayette - Sleepy Basset Hound,3,C,8,Frank Karsten,
Alice - Courageous Keyholder,3,C,8,Frank Karsten,
Arthur - Determined Squire,3,C,8,Frank Karsten,
Yzma - On Edge,2,C,8,Frank Karsten,
Madam Mim - Rhino,2,C,8,Frank Karsten,
Bruno Madrigal - Singing Seer,2,C,8,Frank Karsten,
Wreck‐It Ralph - Big Lug,2,C,8,Frank Karsten,
Donald Duck - Coin Collector,3,C,8,Frank Karsten,
Monstro - Infamous Whale,3,C,8,Frank Karsten,
Trials and Tribulations,3,C,8,Frank Karsten,
Wrong Lever!,3,C,8,Frank Karsten,
Most Everyone's Mad Here,2,C,8,Frank Karsten,
Lady - Decisive Dog,3,C-,8,Frank Karsten,
Gene - Niceland Resident,3,C-,8,Frank Karsten,
Toby Turtle - Wary Friend,3,C-,8,Frank Karsten,
Thumper - Young Bunny,3,C-,8,Frank Karsten,
Go Go Tomago - Mechanical Engineer,3,C-,8,Frank Karsten,
Roquefort - Lock Expert,3,C-,8,Frank Karsten,
LeFou - Cake Thief,3,C-,8,Frank Karsten,
Prince Achmed - Rival Suitor,3,C-,8,Frank Karsten,
Perdita - On the Lookout,3,C-,8,Frank Karsten,
Lumiere - Nimble Candelabra,3,C-,8,Frank Karsten,
Antonio's Jaguar - Faithful Companion,3,C-,8,Frank Karsten,
Hiro Hamada - Intuitive Thinker,3,C-,8,Frank Karsten,
Jim Dear - Beloved Husband,3,C-,8,Frank Karsten,
Sir Pellinore - Seasoned Knight,3,C-,8,Frank Karsten,
Mrs. Potts - Head Housekeeper,3,C-,8,Frank Karsten,
Joey - Blue Pigeon,3,C-,8,Frank Karsten,
Tramp - Observant Guardian,3,C-,8,Frank Karsten,
Figaro - Tuxedo Cat,3,C-,8,Frank Karsten,
Gloyd Orangeboar - Fierce Competitor,3,C-,8,Frank Karsten,
The Dodo - Outlandish Storyteller,3,C-,8,Frank Karsten,
Anna - Trusting Sister,3,C-,8,Frank Karsten,
Honey Lemon - Costumed Catalyst,3,C-,8,Frank Karsten,
Druun - Ravenous Plague,3,C-,8,Frank Karsten,
The Wardrobe - Perceptive Friend,3,C-,8,Frank Karsten,
Antonio Madrigal - Friend to All,3,C-,8,Frank Karsten,
Kuzco - Bored Royal,3,C-,8,Frank Karsten,
Chaca - Junior Chipmunk,3,C-,8,Frank Karsten,
Twitterpated,3,C-,8,Frank Karsten,
Only So Much Room,3,C-,8,Frank Karsten,
Down in New Orleans,1,C-,8,Frank Karsten,
Stopped Chaos in Its Tracks,3,C-,8,Frank Karsten,
Jeweled Collar,3,C-,8,Frank Karsten,
Mirabel Madrigal - Curious Child,1,D-,8,Frank Karsten,
Dumptruck - Karnage's Second Mate,0,D-,8,Frank Karsten,
Patch - Playful Pup,0,D-,8,Frank Karsten,
Little Sister - Responsible Rabbit,1,D-,8,Frank Karsten,
Bambi - Little Prince,0,D-,8,Frank Karsten,
Stitch - Experiment 626,0,D-,8,Frank Karsten,
Tiana - Natural Talent,0,D-,8,Frank Karsten,
Ratigan - Greedy Genius,1,D-,8,Frank Karsten,
Mickey Mouse - Giant Mouse,0,D-,8,Frank Karsten,
She's Your Person,1,D-,8,Frank Karsten,
He Who Steals and Runs Away,1,D-,8,Frank Karsten,
Walk the Plank!,0,D-,8,Frank Karsten,
The Sword of Shan‐Yu,1,D-,8,Frank Karsten,
The Nephews' Piggy Bank,0,D-,8,Frank Karsten,
Chem Purse,1,D-,8,Frank Karsten,
Scarab,0,D-,8,Frank Karsten,
Ice Spikes,1,D-,8,Frank Karsten,
Belle's Favorite Book,0,D-,8,Frank Karsten,
Television Set,1,D-,8,Frank Karsten,
Pongo - Determined Father,5,A,9,Frank Karsten,
Dumbo - Ninth Wonder of the Universe,5,A,9,Frank Karsten,
Genie - Of the Lamp,5,A,9,Frank Karsten,
The Queen - Wicked and Vain,5,A,9,Frank Karsten,
Belle - Accomplished Mystic,5,A,9,Frank Karsten,
Robin Hood - Champion of Sherwood,5,A,9,Frank Karsten,
Mulan - Elite Archer,5,A,9,Frank Karsten,
John Silver - Alien Pirate,5,A,9,Frank Karsten,
Tinker Bell - Giant Fairy,5,A,9,Frank Karsten,
Strength of a Raging Fire,5,A,9,Frank Karsten,
Alice - Growing Girl,5,B+,9,Frank Karsten,
Wildcat - Mechanic,5,B+,9,Frank Karsten,
Julieta Madrigal - Excellent Cook,5,B+,9,Frank Karsten,
Lilo - Best Explorer Ever,4,B+,9,Frank Karsten,
Sisu - Emboldened Warrior,5,B+,9,Frank Karsten,
Tinker Bell - Most Helpful,5,B+,9,Frank Karsten,
Moana - Undeterred Voyager,5,B+,9,Frank Karsten,
Dolores Madrigal - Easy Listener,5,B+,9,Frank Karsten,
Nani - Protective Sister,5,B+,9,Frank Karsten,
Queen of Hearts - Sensing Weakness,5,B+,9,Frank Karsten,
Jasmine - Fearless Princess,4,B+,9,Frank Karsten,
Ariel - Sonic Warrior,5,B+,9,Frank Karsten,
Robin Hood - Unrivaled Archer,5,B+,9,Frank Karsten,
Mufasa - King of the Pride Lands,5,B+,9,Frank Karsten,
Tick‐Tock - Ever‐Present Pursuer,5,B+,9,Frank Karsten,
Robin Hood - Daydreamer,5,B+,9,Frank Karsten,
Hercules - Beloved Hero,5,B+,9,Frank Karsten,
Stitch - Carefree Surfer,5,B+,9,Frank Karsten,
Medallion Weights,5,B+,9,Frank Karsten,
Smash,5,B+,9,Frank Karsten,
Pegasus - Gift for Hercules,4,B,9,Frank Karsten,
Dumbo - The Flying Elephant,4,B,9,Frank Karsten,
Mickey Mouse - Brave Little Prince,4,B,9,Frank Karsten,
Tuk Tuk - Lively Partner,4,B,9,Frank Karsten,
Ariel - Adventurous Collector,4,B,9,Frank Karsten,
Peter Pan's Shadow - Not Sewn On,4,B,9,Frank Karsten,
Philoctetes - No‐Nonsense Instructor,4,B,9,Frank Karsten,
Genie - Supportive Friend,4,B,9,Frank Karsten,
Pluto - Rescue Dog,4,B,9,Frank Karsten,
Winnie the Pooh - Hunny Wizard,4,B,9,Frank Karsten,
Card Soldiers - Full Deck,4,B,9,Frank Karsten,
Virana - Fang Chief,4,B,9,Frank Karsten,
Li Shang - Imperial Captain,4,B,9,Frank Karsten,
Eeyore - Overstuffed Donkey,4,B,9,Frank Karsten,
Scar - Finally King,4,B,9,Frank Karsten,
Maid Marian - Delightful Dreamer,4,B,9,Frank Karsten,
Stitch - Rock Star,4,B,9,Frank Karsten,
Sven - Official Ice Deliverer,4,B,9,Frank Karsten,
Mama Odie - Voice of Wisdom,4,B,9,Frank Karsten,
Hades - Infernal Schemer,4,B,9,Frank Karsten,
Pluto - Determined Defender,4,B,9,Frank Karsten,
World's Greatest Criminal Mind,4,B,9,Frank Karsten,
Look at This Family,4,B,9,Frank Karsten,
Cursed Merfolk - Ursula's Handiwork,3,B-,9,Frank Karsten,
Rafiki - Mystical Fighter,4,B-,9,Frank Karsten,
Enchantress - Unexpected Judge,4,B-,9,Frank Karsten,
Cruella De Vil - Fashionable Cruiser,4,B-,9,Frank Karsten,
Prince Eric - Dashing and Brave,4,B-,9,Frank Karsten,
Roxanne - Powerline Fan,3,B-,9,Frank Karsten,
Lumiere - Fiery Friend,4,B-,9,Frank Karsten,
Kuzco - Wanted Llama,4,B-,9,Frank Karsten,
The Queen - Conceited Ruler,3,B-,9,Frank Karsten,
Powerline - Musical Superstar,3,B-,9,Frank Karsten,
Elsa - Snow Queen,4,B-,9,Frank Karsten,
Belle - Untrained Mystic,4,B-,9,Frank Karsten,
Shere Khan - Menacing Predator,4,B-,9,Frank Karsten,
Lawrence - Jealous Manservant,4,B-,9,Frank Karsten,
Hercules - True Hero,4,B-,9,Frank Karsten,
Mickey Mouse - Steamboat Pilot,4,B-,9,Frank Karsten,
Minnie Mouse - Sweetheart Princess,3,B-,9,Frank Karsten,
Daisy Duck - Secret Agent,4,B-,9,Frank Karsten,
Daisy Duck - Musketeer Spy,4,B-,9,Frank Karsten,
Anna - True‐Hearted,4,B-,9,Frank Karsten,
Bruno Madrigal - Undetected Uncle,4,B-,9,Frank Karsten,
Camilo Madrigal - Prankster,4,B-,9,Frank Karsten,
Luisa Madrigal - Magically Strong One,3,B-,9,Frank Karsten,
Elsa - Gloves Off,4,B-,9,Frank Karsten,
Louie - Chill Nephew,4,B-,9,Frank Karsten,
Kuzco - Temperamental Emperor,3,B-,9,Frank Karsten,
Mulan - Considerate Diplomat,3,B-,9,Frank Karsten,
Beast - Gracious Prince,3,B-,9,Frank Karsten,
Max Goof - Chart Topper,3,B-,9,Frank Karsten,
Improvise,4,B-,9,Frank Karsten,
Fire the Cannons!,3,B-,9,Frank Karsten,
Beast's Mirror,4,B-,9,Frank Karsten,
The Queen - Regal Monarch,4,C+,9,Frank Karsten,
Sergeant Tibbs - Courageous Cat,4,C+,9,Frank Karsten,
Flounder - Voice of Reason,4,C+,9,Frank Karsten,
Rapunzel - Sunshine,4,C+,9,Frank Karsten,
Stitch - Alien Dancer,4,C+,9,Frank Karsten,
Powerline - Taking the Stage,3,C+,9,Frank Karsten,
Mickey Mouse - Standard Bearer,4,C+,9,Frank Karsten,
Megara - Pulling the Strings,4,C+,9,Frank Karsten,
LeFou - Instigator,4,C+,9,Frank Karsten,
Aurora - Regal Princess,4,C+,9,Frank Karsten,
Anna - Braving the Storm,4,C+,9,Frank Karsten,
Huey - Savvy Nephew,4,C+,9,Frank Karsten,
Queen of Hearts - Impulsive Ruler,4,C+,9,Frank Karsten,
Mulan - Free Spirit,4,C+,9,Frank Karsten,
Dewey - Showy Nephew,4,C+,9,Frank Karsten,
HeiHei - Bumbling Rooster,4,C+,9,Frank Karsten,
Winnie the Pooh - Having a Think,4,C+,9,Frank Karsten,
Max Goof - Rockin' Teen,3,C+,9,Frank Karsten,
Tinker Bell - Tiny Tactician,4,C+,9,Frank Karsten,
Prince Naveen - Penniless Royal,4,C+,9,Frank Karsten,
Cruella De Vil - Style Icon,3,C+,9,Frank Karsten,
Mickey Mouse - True Friend,4,C+,9,Frank Karsten,
Benja - Guardian of the Dragon Gem,4,C+,9,Frank Karsten,
Tinker Bell - Generous Fairy,3,C+,9,Frank Karsten,
Moana - Of Motunui,4,C+,9,Frank Karsten,
Ursula - Voice Stealer,3,C+,9,Frank Karsten,
Aurora - Dreaming Guardian,4,C+,9,Frank Karsten,
Powerline - World's Greatest Rock Star,3,C+,9,Frank Karsten,
Maui - Whale,4,C+,9,Frank Karsten,
Develop Your Brain,4,C+,9,Frank Karsten,
Be Our Guest,4,C+,9,Frank Karsten,
Dig a Little Deeper,3,C+,9,Frank Karsten,
Second Star to the Right,3,C+,9,Frank Karsten,
Lantern,3,C+,9,Frank Karsten,
The Magic Feather,3,C+,9,Frank Karsten,
Hidden Cove - Tranquil Haven,4,C+,9,Frank Karsten,
Motunui - Island Paradise,4,C+,9,Frank Karsten,
Olaf - Friendly Snowman,3,C,9,Frank Karsten,
Bobby Zimuruski - Spray Cheese Kid,2,C,9,Frank Karsten,
Mulan - Injured Soldier,3,C,9,Frank Karsten,
Tiana - Diligent Waitress,3,C,9,Frank Karsten,
Robin Hood - Capable Fighter,2,C,9,Frank Karsten,
Ursula - Vanessa,3,C,9,Frank Karsten,
Timothy Q. Mouse - Flight Instructor,2,C,9,Frank Karsten,
Ursula - Deceiver,3,C,9,Frank Karsten,
Gaston - Arrogant Hunter,3,C,9,Frank Karsten,
Nala - Undaunted Lioness,2,C,9,Frank Karsten,
Little John - Sir Reginald,2,C,9,Frank Karsten,
Queen of Hearts - Wonderland Empress,3,C,9,Frank Karsten,
Ursula - Sea Witch,2,C,9,Frank Karsten,
Sisu - Daring Visitor,2,C,9,Frank Karsten,
Hans - Noble Scoundrel,3,C,9,Frank Karsten,
John Silver - Greedy Treasure Seeker,3,C,9,Frank Karsten,
Ariel - Determined Mermaid,3,C,9,Frank Karsten,
Cinderella - Gentle and Kind,3,C,9,Frank Karsten,
Jafar - Keeper of Secrets,3,C,9,Frank Karsten,
Donald Duck - Perfect Gentleman,3,C,9,Frank Karsten,
P.J. Pete - Caught Up in the Music,2,C,9,Frank Karsten,
Alice - Accidentally Adrift,2,C,9,Frank Karsten,
Rapunzel - Letting Down Her Hair,2,C,9,Frank Karsten,
Grand Pabbie - Oldest and Wisest,2,C,9,Frank Karsten,
Elsa - Spirit of Winter,2,C,9,Frank Karsten,
One Jump Ahead,2,C,9,Frank Karsten,
Stand Out,2,C,9,Frank Karsten,
Heal What Has Been Hurt,3,C,9,Frank Karsten,
Be King Undisputed,2,C,9,Frank Karsten,
Four Dozen Eggs,3,C,9,Frank Karsten,
Lost in the Woods,3,C,9,Frank Karsten,
A Pirate's Life,3,C,9,Frank Karsten,
Circle of Life,2,C,9,Frank Karsten,
Under the Sea,2,C,9,Frank Karsten,
The Mob Song,2,C,9,Frank Karsten,
Magic Mirror,2,C,9,Frank Karsten,
Family Fishing Pole,2,C,9,Frank Karsten,
Aurora - Holding Court,1,C-,9,Frank Karsten,
Goofy - Set for Adventure,1,C-,9,Frank Karsten,
Simba - Scrappy Cub,1,C-,9,Frank Karsten,
Jafar - Lamp Thief,3,C-,9,Frank Karsten,
Max Goof - Rebellious Teen,1,C-,9,Frank Karsten,
Mama Odie - Mystical Maven,1,C-,9,Frank Karsten,
Belle - Inventive Engineer,3,C-,9,Frank Karsten,
Judy Hopps - Optimistic Officer,3,C-,9,Frank Karsten,
Ariel - Singing Mermaid,3,C-,9,Frank Karsten,
Prince Phillip - Warden of the Woods,1,C-,9,Frank Karsten,
Shenzi - Hyena Pack Leader,3,C-,9,Frank Karsten,
The Queen - Mirror Seeker,3,C-,9,Frank Karsten,
Captain Hook - Captain of the Jolly Roger,1,C-,9,Frank Karsten,
Maleficent - Monstrous Dragon,3,C-,9,Frank Karsten,
Sudden Chill,3,C-,9,Frank Karsten,
One Last Hope,1,C-,9,Frank Karsten,
Mother Knows Best,1,C-,9,Frank Karsten,
Last‐Ditch Effort,1,C-,9,Frank Karsten,
I2I,1,C-,9,Frank Karsten,
Rose Lantern,3,C-,9,Frank Karsten,
Coconut Basket,3,C-,9,Frank Karsten,
Agrabah - Marketplace,3,C-,9,Frank Karsten,
Pluto - Friendly Pooch,0,D-,9,Frank Karsten,
Jasmine - Heir of Agrabah,1,D-,9,Frank Karsten,
Aladdin - Prince Ali,1,D-,9,Frank Karsten,
Aurora - Tranquil Princess,1,D-,9,Frank Karsten,
Donald Duck - Sleepwalker,1,D-,9,Frank Karsten,
Raya - Headstrong,1,D-,9,Frank Karsten,
Mickey Mouse - Trumpeter,0,D-,9,Frank Karsten,
Prince Phillip - Vanquisher of Foes,1,D-,9,Frank Karsten,
I'm Stuck!,1,D-,9,Frank Karsten,
Poor Unfortunate Souls,1,D-,9,Frank Karsten,
You Can Fly!,1,D-,9,Frank Karsten,
Bruno's Return,0,D-,9,Frank Karsten,
Make the Potion,0,D-,9,Frank Karsten,
"I Find 'Em, I Flatten 'Em",1,D-,9,Frank Karsten,
Signed Contract,1,D-,9,Frank Karsten,
Ursula's Shell Necklace,0,D-,9,Frank Karsten,
Aurelian Gyrosensor,1,D-,9,Frank Karsten,
White Rabbit's Pocket Watch,1,D-,9,Frank Karsten,
Dinner Bell,0,D-,9,Frank Karsten,
Heart of Te Fiti,1,D-,9,Frank Karsten,
Casa Madrigal - Casita,1,D-,9,Frank Karsten,
Atlantica - Concert Hall,1,D-,9,Frank Karsten,
Maui's Place of Exile - Hidden Island,1,D-,9,Frank Karsten,
Cheshire Cat - Inexplicable,5,A,10,Frank Karsten,
Hades - Looking for a Deal,5,A,10,Frank Karsten,
Ursula - Whisper of Vanessa,5,A,10,Frank Karsten,
Scar - Eerily Prepared,5,A,10,Frank Karsten,
Demona - Scourge of the Wyvern Clan,5,A,10,Frank Karsten,
Shere Khan - Fearsome Tiger,5,A,10,Frank Karsten,
David Xanatos - Charismatic Leader,5,A,10,Frank Karsten,
Baloo - Friend and Guardian,5,A,10,Frank Karsten,
Goliath - Clan Leader,5,A,10,Frank Karsten,
Violet Sabrewing - Senior Junior Woodchuck,4,B+,10,Frank Karsten,
Rapunzel - Ready for Adventure,4,B+,10,Frank Karsten,
Peter Pan - High Flyer,4,B+,10,Frank Karsten,
Lexington - Small in Stature,4,B+,10,Frank Karsten,
Fairy Godmother - Magical Benefactor,4,B+,10,Frank Karsten,
Mayor Winddancer - Actor‐Turned‐Politician,4,B+,10,Frank Karsten,
Hercules - Mighty Leader,4,B+,10,Frank Karsten,
Gwythaint - Savage Hunter,4,B+,10,Frank Karsten,
Penumbra - Moon Alien,4,B+,10,Frank Karsten,
Nick Wilde - Persistent Investigator,4,B+,10,Frank Karsten,
Judy Hopps - Lead Detective,4,B+,10,Frank Karsten,
Little John - Impermanent Outlaw,4,B+,10,Frank Karsten,
He Hurled His Thunderbolt,4,B+,10,Frank Karsten,
Sudden Scare,4,B+,10,Frank Karsten,
Dragon Fire,4,B+,10,Frank Karsten,
Tinker Bell - Fancy Footwork,4,B,10,Frank Karsten,
Eilonwy - Princess of Llyr,4,B,10,Frank Karsten,
Flynn Rider - Spectral Scoundrel,4,B,10,Frank Karsten,
Shere Khan - Keen‐Eyed Hunter,4,B,10,Frank Karsten,
Black Heron - Real Bad Egg,4,B,10,Frank Karsten,
Megara - Secret Keeper,4,B,10,Frank Karsten,
Francine - Eyeing the Evidence,4,B,10,Frank Karsten,
Bagheera - Cautious Explorer,4,B,10,Frank Karsten,
Demona - Betrayer of the Clan,4,B,10,Frank Karsten,
Goliath - Guardian of Castle Wyvern,4,B,10,Frank Karsten,
Nibs - Lost Boy,4,B,10,Frank Karsten,
Rajah - Devoted Protector,4,B,10,Frank Karsten,
Broadway - Sturdy and Strong,4,B,10,Frank Karsten,
Cauldron Born - Mindless Horde,4,B,10,Frank Karsten,
Hook Hand - Unexpectedly Friendly,4,B,10,Frank Karsten,
Rapunzel - Creative Captor,4,B,10,Frank Karsten,
Genie - Investigative Mind,4,B,10,Frank Karsten,
Taran - Pig Keeper,4,B,10,Frank Karsten,
Headless Manhorse - Manny,4,B,10,Frank Karsten,
Creeper - Loyal Lackey,4,B,10,Frank Karsten,
Rama - Vigilant Father,4,B,10,Frank Karsten,
Hans - Brazen Manipulator,4,B,10,Frank Karsten,
Daisy Duck - Paranormal Investigator,4,B,10,Frank Karsten,
Mother Gothel - Underhanded Schemer,3,B-,10,Frank Karsten,
Iago - Stompin' Mad,3,B-,10,Frank Karsten,
Merlin - Completing His Research,3,B-,10,Frank Karsten,
Scrooge McDuck - S.H.U.S.H. Agent,3,B-,10,Frank Karsten,
Diablo - Watchful Raven,3,B-,10,Frank Karsten,
Brooklyn - Second in Command,3,B-,10,Frank Karsten,
Daisy Duck - Ghost Finder,3,B-,10,Frank Karsten,
Cri‐Kee - Good Luck Charm,3,B-,10,Frank Karsten,
Inspector Tezuka - Resolute Officer,3,B-,10,Frank Karsten,
Flash - Records Specialist,3,B-,10,Frank Karsten,
Elsa - Exploring the Unknown,3,B-,10,Frank Karsten,
Flotsam - Slippery as an Eel,3,B-,10,Frank Karsten,
Hermes - Harried Messenger,3,B-,10,Frank Karsten,
Kristoff - Mining the Ruins,3,B-,10,Frank Karsten,
Mickey Mouse - Detective,3,B-,10,Frank Karsten,
Goofy - Ghost Hunter,3,B-,10,Frank Karsten,
Mushu - Braggin' Dragon,3,B-,10,Frank Karsten,
Bellwether - Master Manipulator,3,B-,10,Frank Karsten,
Anna - Making Snow Plans,3,B-,10,Frank Karsten,
Robin Hood - Ephemeral Archer,3,B-,10,Frank Karsten,
The Headless Horseman - Terror of Sleepy Hollow,3,B-,10,Frank Karsten,
Pluto - Steel Champion,3,B-,10,Frank Karsten,
Scrooge McDuck - Cavern Prospector,3,B-,10,Frank Karsten,
Clawhauser - Donut Detective,3,B-,10,Frank Karsten,
Kaa - Secretive Snake,3,B-,10,Frank Karsten,
Prince Charming - Protector of the Realm,3,B-,10,Frank Karsten,
Della's Moon Lullaby,3,B-,10,Frank Karsten,
Junior Woodchuck Guidebook,3,B-,10,Frank Karsten,
The Horseman Strikes!,3,B-,10,Frank Karsten,
"Malicious, Mean, and Scary",3,B-,10,Frank Karsten,
Can't Hold it Back Anymore,3,B-,10,Frank Karsten,
Olaf - Helping Hand,3,C+,10,Frank Karsten,
Gaston - Frightful Bully,3,C+,10,Frank Karsten,
Gurgi - Apple Lover,3,C+,10,Frank Karsten,
Baloo - Laid‐Back Bear,3,C+,10,Frank Karsten,
Ichabod Crane - Scared Out of His Mind,3,C+,10,Frank Karsten,
Hudson - Determined Reader,3,C+,10,Frank Karsten,
Minnie Mouse - Ghost Hunter,3,C+,10,Frank Karsten,
Magica De Spell - Shadowy and Sinister,3,C+,10,Frank Karsten,
Goldie O'Gilt - Cunning Prospector,3,C+,10,Frank Karsten,
Akela - Forest Runner,3,C+,10,Frank Karsten,
Bronx - Ferocious Beast,3,C+,10,Frank Karsten,
Mulan - Standing Her Ground,3,C+,10,Frank Karsten,
Aladdin - Barreling Through,3,C+,10,Frank Karsten,
David Xanatos - Steel Clan Leader,3,C+,10,Frank Karsten,
Zeus - Missing His Spark,3,C+,10,Frank Karsten,
Mrs. Beakley - Former S.H.U.S.H. Agent,3,C+,10,Frank Karsten,
Judy Hopps - Uncovering Clues,3,C+,10,Frank Karsten,
Minnie Mouse - Amethyst Champion,3,C+,10,Frank Karsten,
The Horned King - Wicked Ruler,3,C+,10,Frank Karsten,
Donald Duck - Ghost Hunter,3,C+,10,Frank Karsten,
Webby Vanderquack - Junior Prospector,3,C+,10,Frank Karsten,
Katrina Van Tassel - Rosy‐Cheeked Lass,3,C+,10,Frank Karsten,
Ichabod Crane - Bookish Schoolmaster,3,C+,10,Frank Karsten,
Cinderella - Dream Come True,3,C+,10,Frank Karsten,
Chief Bogo - Calling the Shots,3,C+,10,Frank Karsten,
Baloo - Carefree Bear,3,C+,10,Frank Karsten,
The Headless Horseman - Relentless Spirit,3,C+,10,Frank Karsten,
Magica De Spell - Spiteful Sorceress,3,C+,10,Frank Karsten,
Scuttle - Birdbrained,3,C+,10,Frank Karsten,
Daisy Duck - Sapphire Champion,3,C+,10,Frank Karsten,
Simba - King in the Making,3,C+,10,Frank Karsten,
Castle Wyvern - Above the Clouds,3,C+,10,Frank Karsten,
The Great Illuminary - Abandoned Laboratory,3,C+,10,Frank Karsten,
Higgins - Undercover Officer,2,C,10,Frank Karsten,
The Horned King - Heartless Devil,2,C,10,Frank Karsten,
Nick Wilde - Sly Fox Sleuth,2,C,10,Frank Karsten,
Mowgli - Man Cub,2,C,10,Frank Karsten,
Ares - God of War,2,C,10,Frank Karsten,
Beast - Aggressive Lord,2,C,10,Frank Karsten,
Scrooge McDuck - On the Right Track,2,C,10,Frank Karsten,
Li Shang - Seasoned Strategist,2,C,10,Frank Karsten,
Ariel - Ethereal Voice,2,C,10,Frank Karsten,
Della Duck - Returning Mother,2,C,10,Frank Karsten,
Flintheart Glomgold - Scheming Billionaire,2,C,10,Frank Karsten,
Launchpad - Exceptional Pilot,2,C,10,Frank Karsten,
Donald Duck - Ruby Champion,2,C,10,Frank Karsten,
Brom Bones - Burly Bully,2,C,10,Frank Karsten,
Jasmine - Soothing Princess,2,C,10,Frank Karsten,
Goofy - Emerald Champion,2,C,10,Frank Karsten,
Tinker Bell - Temperamental Fairy,2,C,10,Frank Karsten,
Lady Tremaine - Sinister Socialite,2,C,10,Frank Karsten,
Vladimir - Ceramic Unicorn Fan,2,C,10,Frank Karsten,
Jetsam - Opportunistic Eel,2,C,10,Frank Karsten,
Chef Louis - In Over His Head,2,C,10,Frank Karsten,
Goofy - Galumphing Gumshoe,2,C,10,Frank Karsten,
But I'm Much Faster,2,C,10,Frank Karsten,
Chomp!,2,C,10,Frank Karsten,
Detective's Badge,2,C,10,Frank Karsten,
The Robot Queen,2,C,10,Frank Karsten,
So Be It!,2,C,10,Frank Karsten,
Inkrunner,2,C,10,Frank Karsten,
Putting It All Together,2,C,10,Frank Karsten,
Fragile as a Flower,2,C,10,Frank Karsten,
Ingenious Device,2,C,10,Frank Karsten,
Big Nose - Lovesick Poet,1,C-,10,Frank Karsten,
Webby Vanderquack - Mystery Enthusiast,1,C-,10,Frank Karsten,
Finnick - Tiny Terror,1,C-,10,Frank Karsten,
The Sultan - Playful Monarch,1,C-,10,Frank Karsten,
Emily Quackfaster - Level‐Headed Librarian,1,C-,10,Frank Karsten,
Raksha - Fearless Mother,1,C-,10,Frank Karsten,
Zootopia - Police Headquarters,1,C-,10,Frank Karsten,
Sebastian - Loyal Crab,1,C-,10,Frank Karsten,
White Agony Plains - Golden Lagoon,1,C-,10,Frank Karsten,
Hen Wen - Prophetic Pig,1,C-,10,Frank Karsten,
Pluto - Clever Cluefinder,1,C-,10,Frank Karsten,
Webby Vanderquack - Knowledge Seeker,1,C-,10,Frank Karsten,
Shanti - Village Girl,1,C-,10,Frank Karsten,
Kaa - Suspicious Serpent,1,C-,10,Frank Karsten,
Duckworth - Ghost Butler,1,C-,10,Frank Karsten,
Elisa Maza - Intrepid Investigator,1,C-,10,Frank Karsten,
Judy Hopps - On the Case,1,C-,10,Frank Karsten,
Fergus McDuck - Scrooge's Father,1,C-,10,Frank Karsten,
Basil - Tenacious Mouse,1,C-,10,Frank Karsten,
Mickey Mouse - Amber Champion,1,C-,10,Frank Karsten,
Lena Sabrewing - Mysterious Duck,1,C-,10,Frank Karsten,
The Bitterwood - Underground Forest,1,C-,10,Frank Karsten,
Coldstone - Reincarnated Cyborg,1,C-,10,Frank Karsten,
The Twins - Lost Boys,1,C-,10,Frank Karsten,
Magica De Spell - Conniving Sorceress,1,C-,10,Frank Karsten,
Shere Khan - Fierce and Furious,1,C-,10,Frank Karsten,
Mushu's Rocket,1,C-,10,Frank Karsten,
The Sword of Hercules,1,C-,10,Frank Karsten,
Recovered Page,1,C-,10,Frank Karsten,
Performance Review,1,C-,10,Frank Karsten,
Castle of the Horned King - Bastion of Evil,0,D-,10,Frank Karsten,
Munchings and Crunchings,0,D-,10,Frank Karsten,
The Horned King - Triumphant Ghoul,0,D-,10,Frank Karsten,
Duckburg - Funso's Funzone,0,D-,10,Frank Karsten,
Nana - Canine Caregiver,0,D-,10,Frank Karsten,
Sleepy Hollow - The Bridge,0,D-,10,Frank Karsten,
Illuminary Tunnels - Linked Caverns,0,D-,10,Frank Karsten,
Gazelle - Ballad Singer,0,D-,10,Frank Karsten,
The Headless Horseman - Cursed Rider,0,D-,10,Frank Karsten,
Ink Amplifier,0,D-,10,Frank Karsten,
Search for Clues,0,D-,10,Frank Karsten,
Ghostly Tale,0,D-,10,Frank Karsten,
Might Solve a Mystery,0,D-,10,Frank Karsten,
Trust In Me,0,D-,10,Frank Karsten,
Spooky Sight,0,D-,10,Frank Karsten,
Swooping Strike,0,D-,10,Frank Karsten,
Get to Safety!,0,D-,10,Frank Karsten,
Hen Wen's Visions,0,D-,10,Frank Karsten,
Enigmatic Inkcaster,0,D-,10,Frank Karsten,
Blessed Bagpipes,0,D-,10,Frank Karsten,
"Next Stop, Olympus",0,D-,10,Frank Karsten,
Promising Lead,0,D-,10,Frank Karsten,
Fairy Godmother's Wand,0,D-,10,Frank Karsten,
The Game's Afoot!,0,D-,10,Frank Karsten,
Or Rewrite History!,0,D-,10,Frank Karsten,
Webby's Diary,0,D-,10,Frank Karsten,
The Black Cauldron,0,D-,10,Frank Karsten,
Begone!,0,D-,10,Frank Karsten,
Grimorum Arcanorum,0,D-,10,Frank Karsten,
Potion of Malice,0,D-,10,Frank Karsten,
Inscrutable Map,0,D-,10,Frank Karsten,
Time to Go!,0,D-,10,Frank Karsten,